Selection Method,n_features,balancing,accuracy,precision,TP,FP,FN,TN,sensitivity,specificity,f1,auc_test,auc_cv,std_auc_cv
f_test,43,smote,0.6153846,0.4603175,29,34,46,99,0.3866667,0.7443609,0.4202899,0.5655138,0.8338681,0.0486433
mutual_info,36,smote,0.6875000,0.5961538,31,21,44,112,0.4133333,0.8421053,0.4881890,0.6277193,0.8331254,0.0479029
reliefF,33,smote,0.6875000,0.5675676,42,32,33,101,0.5600000,0.7593985,0.5637584,0.6596992,0.8394236,0.0442306
surf,39,smote,0.7115385,0.6271186,37,22,38,111,0.4933333,0.8345865,0.5522388,0.6639599,0.8355318,0.0307084
multisurf,37,smote,0.6778846,0.5571429,39,31,36,102,0.5200000,0.7669173,0.5379310,0.6434586,0.8469994,0.1006247
