Selection Method,n_features,accuracy,precision,TP,FP,FN,TN,sensitivity,specificity,f1,auc_test,auc_cv,std_auc_cv
f_test,12,0.7163462,0.6481481,35,19,40,114,0.4666667,0.8571429,0.5426357,0.6619048,0.7538622,0.0630830
mutual_info,6,0.6826923,0.5882353,30,21,45,112,0.4000000,0.8421053,0.4761905,0.6210526,0.7455140,0.0466122
reliefF,16,0.7115385,0.6315789,36,21,39,112,0.4800000,0.8421053,0.5454545,0.6610526,0.7638443,0.0725128
surf,13,0.6971154,0.6200000,31,19,44,114,0.4133333,0.8571429,0.4960000,0.6352381,0.7307487,0.0683051
multisurf,15,0.6875000,0.5806452,36,26,39,107,0.4800000,0.8045113,0.5255474,0.6422556,0.7393048,0.0360429
