Selection Method,n_features,accuracy,precision,TP,FP,FN,TN,sensitivity,specificity,f1,auc_test,auc_cv,std_auc_cv
f_test,26,0.7548077,0.7307692,38,14,37,119,0.5066667,0.8947368,0.5984252,0.7007018,0.8510398,0.0304561
mutual_info,26,0.7403846,0.6981132,37,16,38,117,0.4933333,0.8796992,0.5781250,0.6865163,0.8566845,0.0434757
reliefF,26,0.7307692,0.6792453,36,17,39,116,0.4800000,0.8721805,0.5625000,0.6760902,0.8536542,0.0465712
surf,15,0.7067308,0.6346154,33,19,42,114,0.4400000,0.8571429,0.5196850,0.6485714,0.8595365,0.0510808
multisurf,22,0.7451923,0.6964286,39,17,36,116,0.5200000,0.8721805,0.5954198,0.6960902,0.8598633,0.0368653
