Selection Method,n_features,balancing,accuracy,precision,TP,FP,FN,TN,sensitivity,specificity,f1,auc_test,auc_cv,std_auc_cv
f_test,22,smote,0.7644231,0.7031250,45,19,30,114,0.6000000,0.8571429,0.6474820,0.7285714,0.8327986,0.0272986
mutual_info,22,smote,0.7500000,0.6716418,45,22,30,111,0.6000000,0.8345865,0.6338028,0.7172932,0.8385918,0.0333212
reliefF,22,smote,0.7403846,0.6721311,41,20,34,113,0.5466667,0.8496241,0.6029412,0.6981454,0.8360665,0.0443932
surf,22,smote,0.7451923,0.6718750,43,21,32,112,0.5733333,0.8421053,0.6187050,0.7077193,0.8331254,0.0543084
multisurf,22,smote,0.7596154,0.6865672,46,21,29,112,0.6133333,0.8421053,0.6478873,0.7277193,0.8360665,0.0346042
