Selection Method,n_features,accuracy,precision,TP,FP,FN,TN,sensitivity,specificity,f1,auc_test,auc_cv,std_auc_cv
f_test,18,0.8461538,0.8644068,51,8,24,125,0.6800000,0.9398496,0.7611940,0.8099248,0.8427807,0.0269192
mutual_info,18,0.8509615,0.8793103,51,7,24,126,0.6800000,0.9473684,0.7669173,0.8136842,0.8398396,0.0264476
reliefF,18,0.8365385,0.8360656,51,10,24,123,0.6800000,0.9248120,0.7500000,0.8024060,0.8398396,0.0264476
surf,14,0.8509615,0.8793103,51,7,24,126,0.6800000,0.9473684,0.7669173,0.8136842,0.8453951,0.0241307
multisurf,15,0.8509615,0.8666667,52,8,23,125,0.6933333,0.9398496,0.7703704,0.8165915,0.8482472,0.0306365
