Selection Method,n_features,accuracy,precision,TP,FP,FN,TN,sensitivity,specificity,f1,auc_test,auc_cv,std_auc_cv
f_test,22,0.6971154,0.6034483,35,23,40,110,0.4666667,0.8270677,0.5263158,0.6468672,0.8489899,0.0422694
mutual_info,19,0.6875000,0.5781250,37,27,38,106,0.4933333,0.7969925,0.5323741,0.6451629,0.8545455,0.0362939
reliefF,22,0.6971154,0.6034483,35,23,40,110,0.4666667,0.8270677,0.5263158,0.6468672,0.8520202,0.0449470
surf,17,0.7115385,0.6470588,33,18,42,115,0.4400000,0.8646617,0.5238095,0.6523308,0.8340463,0.0302054
multisurf,20,0.7115385,0.6415094,34,19,41,114,0.4533333,0.8571429,0.5312500,0.6552381,0.8400772,0.0595664
