Selection Method,n_features,accuracy,precision,TP,FP,FN,TN,sensitivity,specificity,f1,auc_test,auc_cv,std_auc_cv
f_test,22,0.8125000,0.7727273,51,15,24,118,0.6800000,0.8872180,0.7234043,0.7836090,0.8544860,0.0211223
mutual_info,30,0.7740385,0.7121212,47,19,28,114,0.6266667,0.8571429,0.6666667,0.7419048,0.8724599,0.0285989
reliefF,30,0.7980769,0.7704918,47,14,28,119,0.6266667,0.8947368,0.6911765,0.7607018,0.8634581,0.0315634
surf,29,0.7980769,0.7704918,47,14,28,119,0.6266667,0.8947368,0.6911765,0.7607018,0.8554664,0.0541992
multisurf,29,0.7740385,0.7121212,47,19,28,114,0.6266667,0.8571429,0.6666667,0.7419048,0.8724599,0.0285989
