Selection Method,n_features,balancing,accuracy,precision,TP,FP,FN,TN,sensitivity,specificity,f1,auc_test,auc_cv,std_auc_cv
f_test,21,smote,0.6442308,0.5057471,44,43,31,90,0.5866667,0.6766917,0.5432099,0.6316792,0.7676768,0.0645513
mutual_info,27,smote,0.6730769,0.5421687,45,38,30,95,0.6000000,0.7142857,0.5696203,0.6571429,0.7609329,0.0408314
reliefF,24,smote,0.6730769,0.5432099,44,37,31,96,0.5866667,0.7218045,0.5641026,0.6542356,0.7773321,0.0832734
surf,24,smote,0.6682692,0.5357143,45,39,30,94,0.6000000,0.7067669,0.5660377,0.6533835,0.7824718,0.0507812
multisurf,25,smote,0.6538462,0.5189873,41,38,34,95,0.5466667,0.7142857,0.5324675,0.6304762,0.7702614,0.0466489
