Selection Method,n_features,balancing,accuracy,precision,TP,FP,FN,TN,sensitivity,specificity,f1,auc_test,auc_cv,std_auc_cv
f_test,25,smote,0.8076923,0.7777778,49,14,26,119,0.6533333,0.8947368,0.7101449,0.7740351,0.8661616,0.0340989
mutual_info,26,smote,0.7932692,0.7424242,49,17,26,116,0.6533333,0.8721805,0.6950355,0.7627569,0.8572490,0.0203320
reliefF,27,smote,0.7980769,0.7619048,48,15,27,118,0.6400000,0.8872180,0.6956522,0.7636090,0.8661616,0.0340989
surf,23,kmeans_smote,0.8317308,0.8448276,49,9,26,124,0.6533333,0.9323308,0.7368421,0.7928321,0.8687760,0.0161387
multisurf,27,kmeans_smote,0.7932692,0.7352941,50,18,25,115,0.6666667,0.8646617,0.6993007,0.7656642,0.8660725,0.0299636
