Selection Method,n_features,accuracy,precision,TP,FP,FN,TN,sensitivity,specificity,f1,auc_test,auc_cv,std_auc_cv
f_test,19,0.8028846,0.7575758,50,16,25,117,0.6666667,0.8796992,0.7092199,0.7731830,0.8489008,0.0365803
mutual_info,19,0.8125000,0.7647059,52,16,23,117,0.6933333,0.8796992,0.7272727,0.7865163,0.8518419,0.0397633
reliefF,19,0.8028846,0.7575758,50,16,25,117,0.6666667,0.8796992,0.7092199,0.7731830,0.8490790,0.0363753
surf,18,0.8125000,0.7903226,49,13,26,120,0.6533333,0.9022556,0.7153285,0.7777945,0.8490790,0.0375456
multisurf,16,0.8076923,0.7464789,53,18,22,115,0.7066667,0.8646617,0.7260274,0.7856642,0.8542781,0.0436411
