Selection Method,n_features,balancing,accuracy,precision,TP,FP,FN,TN,sensitivity,specificity,f1,auc_test,auc_cv,std_auc_cv
f_test,28,smote,0.7403846,0.6842105,39,18,36,115,0.5200000,0.8646617,0.5909091,0.6923308,0.8312537,0.0413795
mutual_info,29,smote,0.7403846,0.7058824,36,15,39,118,0.4800000,0.8872180,0.5714286,0.6836090,0.8309269,0.0426930
reliefF,29,smote,0.7259615,0.6875000,33,15,42,118,0.4400000,0.8872180,0.5365854,0.6636090,0.8342840,0.0184081
surf,19,smote,0.7259615,0.6730769,35,17,40,116,0.4666667,0.8721805,0.5511811,0.6694236,0.8332145,0.0322104
multisurf,20,smote,0.6826923,0.5849057,31,22,44,111,0.4133333,0.8345865,0.4843750,0.6239599,0.8275698,0.0382647
