Selection Method,n_features,balancing,accuracy,precision,TP,FP,FN,TN,sensitivity,specificity,f1,auc_test,auc_cv,std_auc_cv
f_test,29,smote,0.6826923,0.5762712,34,25,41,108,0.4533333,0.8120301,0.5074627,0.6326817,0.6973856,0.0844691
mutual_info,26,smote,0.7019231,0.6274510,32,19,43,114,0.4266667,0.8571429,0.5079365,0.6419048,0.7416518,0.0681270
reliefF,17,smote,0.7067308,0.6206897,36,22,39,111,0.4800000,0.8345865,0.5413534,0.6572932,0.7226976,0.0222793
surf,21,smote,0.6586538,0.5400000,27,23,48,110,0.3600000,0.8270677,0.4320000,0.5935338,0.7411765,0.0390344
multisurf,25,smote,0.7019231,0.6226415,33,20,42,113,0.4400000,0.8496241,0.5156250,0.6448120,0.7505942,0.0369416
