Selection Method,n_features,accuracy,precision,TP,FP,FN,TN,sensitivity,specificity,f1,auc_test,auc_cv,std_auc_cv
f_test,25,0.7548077,0.7500000,36,12,39,121,0.4800000,0.9097744,0.5853659,0.6948872,0.8543078,0.0626751
mutual_info,27,0.7548077,0.7400000,37,13,38,120,0.4933333,0.9022556,0.5920000,0.6977945,0.8511289,0.0554728
reliefF,29,0.7788462,0.7735849,41,12,34,121,0.5466667,0.9097744,0.6406250,0.7282206,0.8455734,0.0527364
surf,27,0.7307692,0.6727273,37,18,38,115,0.4933333,0.8646617,0.5692308,0.6789975,0.8425431,0.0543770
multisurf,11,0.7355769,0.7173913,33,13,42,120,0.4400000,0.9022556,0.5454545,0.6711278,0.8424540,0.0449674
