Selection Method,n_features,balancing,accuracy,precision,TP,FP,FN,TN,sensitivity,specificity,f1,auc_test,auc_cv,std_auc_cv
f_test,20,smote,0.7211538,0.6268657,42,25,33,108,0.5600000,0.8120301,0.5915493,0.6860150,0.8631313,0.0291057
mutual_info,20,smote,0.7451923,0.6447368,49,27,26,106,0.6533333,0.7969925,0.6490066,0.7251629,0.8744801,0.0212347
reliefF,22,smote,0.7403846,0.6400000,48,27,27,106,0.6400000,0.7969925,0.6400000,0.7184962,0.8601901,0.0261184
surf,21,smote,0.7548077,0.6578947,50,26,25,107,0.6666667,0.8045113,0.6622517,0.7355890,0.8663993,0.0385748
multisurf,20,smote,0.7451923,0.6447368,49,27,26,106,0.6533333,0.7969925,0.6490066,0.7251629,0.8744801,0.0212347
