Selection Method,n_features,accuracy,precision,TP,FP,FN,TN,sensitivity,specificity,f1,auc_test,auc_cv,std_auc_cv
f_test,37,0.6971154,0.6111111,33,21,42,112,0.4400000,0.8421053,0.5116279,0.6410526,0.8560606,0.0475881
mutual_info,44,0.7067308,0.6346154,33,19,42,114,0.4400000,0.8571429,0.5196850,0.6485714,0.8532977,0.0283296
reliefF,42,0.7067308,0.6400000,32,18,43,115,0.4266667,0.8646617,0.5120000,0.6456642,0.8538919,0.0259196
surf,19,0.7019231,0.6326531,31,18,44,115,0.4133333,0.8646617,0.5000000,0.6389975,0.8394236,0.0638722
multisurf,20,0.6923077,0.5932203,35,24,40,109,0.4666667,0.8195489,0.5223881,0.6431078,0.8531491,0.0682763
