Selection Method,n_features,balancing,accuracy,precision,TP,FP,FN,TN,sensitivity,specificity,f1,auc_test,auc_cv,std_auc_cv
f_test,43,smote,0.6923077,0.6037736,32,21,43,112,0.4266667,0.8421053,0.5000000,0.6343860,0.8338681,0.0486433
mutual_info,36,smote,0.7355769,0.6612903,41,21,34,112,0.5466667,0.8421053,0.5985401,0.6943860,0.8331254,0.0479029
reliefF,33,smote,0.7355769,0.6515152,43,23,32,110,0.5733333,0.8270677,0.6099291,0.7002005,0.8394236,0.0442306
surf,39,smote,0.7355769,0.6785714,38,18,37,115,0.5066667,0.8646617,0.5801527,0.6856642,0.8355318,0.0307084
multisurf,37,smote,0.6778846,0.5606061,37,29,38,104,0.4933333,0.7819549,0.5248227,0.6376441,0.8469994,0.1006247
