Selection Method,n_features,accuracy,precision,TP,FP,FN,TN,sensitivity,specificity,f1,auc_test,auc_cv,std_auc_cv
f_test,15,0.5833333,0.4375000,42,54,31,77,0.5753425,0.5877863,0.4970414,0.5815644,0.7576872,0.0508295
mutual_info,15,0.5637255,0.4183673,41,57,32,74,0.5616438,0.5648855,0.4795322,0.5632647,0.7690842,0.0440554
reliefF,15,0.5490196,0.3978495,37,56,36,75,0.5068493,0.5725191,0.4457831,0.5396842,0.7549187,0.0550652
surf,15,0.5637255,0.4183673,41,57,32,74,0.5616438,0.5648855,0.4795322,0.5632647,0.7724822,0.0492737
multisurf,10,0.5245098,0.3846154,40,64,33,67,0.5479452,0.5114504,0.4519774,0.5296978,0.7790887,0.0841762
