Selection Method,n_features,accuracy,precision,TP,FP,FN,TN,sensitivity,specificity,f1,auc_test,auc_cv,std_auc_cv
f_test,23,0.8317308,0.8333333,50,10,25,123,0.6666667,0.9248120,0.7407407,0.7957393,0.8132204,0.0225800
mutual_info,27,0.8317308,0.8333333,50,10,25,123,0.6666667,0.9248120,0.7407407,0.7957393,0.8220440,0.0238888
reliefF,28,0.8365385,0.8360656,51,10,24,123,0.6800000,0.9248120,0.7500000,0.8024060,0.8187760,0.0367119
surf,25,0.8317308,0.8333333,50,10,25,123,0.6666667,0.9248120,0.7407407,0.7957393,0.8187760,0.0256071
multisurf,29,0.8221154,0.8064516,50,12,25,121,0.6666667,0.9097744,0.7299270,0.7882206,0.8221331,0.0296179
