Selection Method,n_features,balancing,accuracy,precision,TP,FP,FN,TN,sensitivity,specificity,f1,auc_test,auc_cv,std_auc_cv
f_test,24,smote,0.7596154,0.7049180,43,18,32,115,0.5733333,0.8646617,0.6323529,0.7189975,0.8300951,0.0417683
mutual_info,29,smote,0.7788462,0.7377049,45,16,30,117,0.6000000,0.8796992,0.6617647,0.7398496,0.8328580,0.0450814
reliefF,25,smote,0.7596154,0.6984127,44,19,31,114,0.5866667,0.8571429,0.6376812,0.7219048,0.8268865,0.0534127
surf,23,smote,0.7788462,0.7301587,46,17,29,116,0.6133333,0.8721805,0.6666667,0.7427569,0.8415330,0.0302014
multisurf,22,smote,0.7644231,0.6911765,47,21,28,112,0.6266667,0.8421053,0.6573427,0.7343860,0.8359774,0.0374502
