Selection Method,n_features,balancing,accuracy,precision,TP,FP,FN,TN,sensitivity,specificity,f1,auc_test,auc_cv,std_auc_cv
f_test,15,smote,0.7644231,0.6969697,46,20,29,113,0.6133333,0.8496241,0.6524823,0.7314787,0.8451277,0.0399265
mutual_info,22,smote,0.7644231,0.6666667,52,26,23,107,0.6933333,0.8045113,0.6797386,0.7489223,0.8390671,0.0524721
reliefF,29,smote,0.7403846,0.6567164,44,23,31,110,0.5866667,0.8270677,0.6197183,0.7068672,0.8453654,0.0525250
surf,26,smote,0.7548077,0.6666667,48,24,27,109,0.6400000,0.8195489,0.6530612,0.7297744,0.8454545,0.0452131
multisurf,10,smote,0.7596154,0.6984127,44,19,31,114,0.5866667,0.8571429,0.6376812,0.7219048,0.8419489,0.0310319
