Selection Method,n_features,balancing,accuracy,precision,TP,FP,FN,TN,sensitivity,specificity,f1,auc_test,auc_cv,std_auc_cv
f_test,24,smote,0.7355769,0.7173913,33,13,42,120,0.4400000,0.9022556,0.5454545,0.6711278,0.8365716,0.0203599
mutual_info,29,smote,0.7355769,0.7173913,33,13,42,120,0.4400000,0.9022556,0.5454545,0.6711278,0.8306892,0.0185640
reliefF,24,smote,0.7355769,0.7272727,32,12,43,121,0.4266667,0.9097744,0.5378151,0.6682206,0.8303624,0.0333839
surf,21,smote,0.7355769,0.7173913,33,13,42,120,0.4400000,0.9022556,0.5454545,0.6711278,0.8244801,0.0327684
multisurf,19,smote,0.7403846,0.7333333,33,12,42,121,0.4400000,0.9097744,0.5500000,0.6748872,0.8279263,0.0292789
