Selection Method,n_features,accuracy,precision,TP,FP,FN,TN,sensitivity,specificity,f1,auc_test,auc_cv,std_auc_cv
f_test,6,0.6875000,0.6136364,27,17,48,116,0.3600000,0.8721805,0.4537815,0.6160902,0.7341949,0.0522258
mutual_info,7,0.6730769,0.5636364,31,24,44,109,0.4133333,0.8195489,0.4769231,0.6164411,0.7251931,0.0692664
reliefF,6,0.7019231,0.6326531,31,18,44,115,0.4133333,0.8646617,0.5000000,0.6389975,0.7281640,0.0663338
surf,7,0.6778846,0.5689655,33,25,42,108,0.4400000,0.8120301,0.4962406,0.6260150,0.7282234,0.0703804
multisurf,7,0.6730769,0.5636364,31,24,44,109,0.4133333,0.8195489,0.4769231,0.6164411,0.7194890,0.0879784
