Selection Method,n_features,balancing,accuracy,precision,TP,FP,FN,TN,sensitivity,specificity,f1,auc_test,auc_cv,std_auc_cv
f_test,8,smote,0.7403846,0.6721311,41,20,34,113,0.5466667,0.8496241,0.6029412,0.6981454,0.8070410,0.0351593
mutual_info,7,smote,0.7355769,0.6724138,39,19,36,114,0.5200000,0.8571429,0.5864662,0.6885714,0.8098336,0.0232050
reliefF,8,smote,0.7403846,0.6721311,41,20,34,113,0.5466667,0.8496241,0.6029412,0.6981454,0.8070410,0.0351593
surf,8,smote,0.7548077,0.7068966,41,17,34,116,0.5466667,0.8721805,0.6165414,0.7094236,0.8044266,0.0424457
multisurf,6,smote,0.7019231,0.6000000,39,26,36,107,0.5200000,0.8045113,0.5571429,0.6622556,0.8056744,0.0292683
