Selection Method,n_features,accuracy,precision,TP,FP,FN,TN,sensitivity,specificity,f1,auc_test,auc_cv,std_auc_cv
f_test,27,0.7259615,0.6285714,44,26,31,107,0.5866667,0.8045113,0.6068966,0.6955890,0.8241236,0.0182280
mutual_info,15,0.6826923,0.5957447,28,19,47,114,0.3733333,0.8571429,0.4590164,0.6152381,0.8274213,0.0371217
reliefF,29,0.7500000,0.6949153,41,18,34,115,0.5466667,0.8646617,0.6119403,0.7056642,0.8327094,0.0519606
surf,25,0.7596154,0.7118644,42,17,33,116,0.5600000,0.8721805,0.6268657,0.7160902,0.8252228,0.0210089
multisurf,23,0.7980769,0.7538462,49,16,26,117,0.6533333,0.8796992,0.7000000,0.7665163,0.8214201,0.0424546
