Selection Method,n_features,accuracy,precision,TP,FP,FN,TN,sensitivity,specificity,f1,auc_test,auc_cv,std_auc_cv
f_test,10,0.6490385,0.5166667,31,29,44,104,0.4133333,0.7819549,0.4592593,0.5976441,0.7305704,0.0491229
mutual_info,10,0.5721154,0.3600000,18,32,57,101,0.2400000,0.7593985,0.2880000,0.4996992,0.7277184,0.0795416
reliefF,10,0.6490385,0.5208333,25,23,50,110,0.3333333,0.8270677,0.4065041,0.5802005,0.7278966,0.0303993
surf,10,0.6538462,0.5384615,21,18,54,115,0.2800000,0.8646617,0.3684211,0.5723308,0.7368984,0.0403632
multisurf,11,0.6971154,0.5909091,39,27,36,106,0.5200000,0.7969925,0.5531915,0.6584962,0.7360963,0.0651627
