Selection Method,n_features,accuracy,precision,TP,FP,FN,TN,sensitivity,specificity,f1,auc_test,auc_cv,std_auc_cv
f_test,17,0.8221154,0.7878788,52,14,23,119,0.6933333,0.8947368,0.7375887,0.7940351,0.8367499,0.0191669
mutual_info,22,0.8221154,0.8166667,49,11,26,122,0.6533333,0.9172932,0.7259259,0.7853133,0.8365716,0.0441655
reliefF,26,0.8173077,0.7761194,52,15,23,118,0.6933333,0.8872180,0.7323944,0.7902757,0.8394236,0.0602600
surf,18,0.7836538,0.7272727,48,18,27,115,0.6400000,0.8646617,0.6808511,0.7523308,0.8591800,0.0562670
multisurf,22,0.7596154,0.6865672,46,21,29,112,0.6133333,0.8421053,0.6478873,0.7277193,0.8420380,0.0634379
