Selection Method,n_features,accuracy,precision,TP,FP,FN,TN,sensitivity,specificity,f1,auc_test,auc_cv,std_auc_cv
f_test,11,0.8125000,0.8103448,47,11,28,122,0.6266667,0.9172932,0.7067669,0.7719799,0.8168152,0.0202228
mutual_info,14,0.8125000,0.8461538,44,8,31,125,0.5866667,0.9398496,0.6929134,0.7632581,0.8168152,0.0443402
reliefF,19,0.8076923,0.8301887,44,9,31,124,0.5866667,0.9323308,0.6875000,0.7594987,0.8083185,0.0281596
surf,16,0.8076923,0.7966102,47,12,28,121,0.6266667,0.9097744,0.7014925,0.7682206,0.8226976,0.0476441
multisurf,15,0.8076923,0.8070175,46,11,29,122,0.6133333,0.9172932,0.6969697,0.7653133,0.8347891,0.0533285
