Selection Method,n_features,accuracy,precision,TP,FP,FN,TN,sensitivity,specificity,f1,auc_test,auc_cv,std_auc_cv
f_test,18,0.7019231,0.6140351,35,22,40,111,0.4666667,0.8345865,0.5303030,0.6506266,0.7556744,0.0545105
mutual_info,20,0.6730769,0.5555556,35,28,40,105,0.4666667,0.7894737,0.5072464,0.6280702,0.7635175,0.0135669
reliefF,19,0.6730769,0.5573770,34,27,41,106,0.4533333,0.7969925,0.5000000,0.6251629,0.7497920,0.0353461
surf,22,0.7019231,0.6031746,38,25,37,108,0.5066667,0.8120301,0.5507246,0.6593484,0.7376708,0.0396112
multisurf,21,0.7259615,0.6406250,41,23,34,110,0.5466667,0.8270677,0.5899281,0.6868672,0.7518717,0.0471583
