Selection Method,n_features,accuracy,precision,TP,FP,FN,TN,sensitivity,specificity,f1,auc_test,auc_cv,std_auc_cv
f_test,26,0.8317308,0.8225806,51,11,24,122,0.6800000,0.9172932,0.7445255,0.7986466,0.8399287,0.0241044
mutual_info,21,0.8125000,0.8103448,47,11,28,122,0.6266667,0.9172932,0.7067669,0.7719799,0.8425431,0.0194310
reliefF,25,0.8317308,0.8448276,49,9,26,124,0.6533333,0.9323308,0.7368421,0.7928321,0.8341355,0.0281820
surf,25,0.8269231,0.8196721,50,11,25,122,0.6666667,0.9172932,0.7352941,0.7919799,0.8429590,0.0220444
multisurf,25,0.8269231,0.8196721,50,11,25,122,0.6666667,0.9172932,0.7352941,0.7919799,0.8459002,0.0201560
