Selection Method,n_features,accuracy,precision,TP,FP,FN,TN,sensitivity,specificity,f1,auc_test,auc_cv,std_auc_cv
f_test,21,0.7644231,0.8095238,34,8,41,125,0.4533333,0.9398496,0.5811966,0.6965915,0.8307784,0.0359454
mutual_info,21,0.7451923,0.7750000,31,9,44,124,0.4133333,0.9323308,0.5391304,0.6728321,0.8396019,0.0278036
reliefF,28,0.7548077,0.7857143,33,9,42,124,0.4400000,0.9323308,0.5641026,0.6861654,0.8249851,0.0265058
surf,29,0.7596154,0.7906977,34,9,41,124,0.4533333,0.9323308,0.5762712,0.6928321,0.8340463,0.0576543
multisurf,22,0.7355769,0.7272727,32,12,43,121,0.4266667,0.9097744,0.5378151,0.6682206,0.8365716,0.0355506
