Selection Method,n_features,accuracy,precision,TP,FP,FN,TN,sensitivity,specificity,f1,auc_test,auc_cv,std_auc_cv
f_test,22,0.7932692,0.7352941,50,18,25,115,0.6666667,0.8646617,0.6993007,0.7656642,0.8601901,0.0131766
mutual_info,30,0.7884615,0.7460317,47,16,28,117,0.6266667,0.8796992,0.6811594,0.7531830,0.8547237,0.0251078
reliefF,22,0.8125000,0.7647059,52,16,23,117,0.6933333,0.8796992,0.7272727,0.7865163,0.8576649,0.0271252
surf,14,0.7644231,0.6857143,48,22,27,111,0.6400000,0.8345865,0.6620690,0.7372932,0.8662507,0.0329686
multisurf,30,0.8269231,0.8196721,50,11,25,122,0.6666667,0.9172932,0.7352941,0.7919799,0.8600416,0.0128778
