Selection Method,n_features,balancing,accuracy,precision,TP,FP,FN,TN,sensitivity,specificity,f1,auc_test,auc_cv,std_auc_cv
f_test,3,smote,0.6586538,0.5322581,33,29,42,104,0.4400000,0.7819549,0.4817518,0.6109774,0.7361854,0.0584544
mutual_info,4,smote,0.6730769,0.5593220,33,26,42,107,0.4400000,0.8045113,0.4925373,0.6222556,0.7163102,0.0306945
reliefF,3,smote,0.6586538,0.5322581,33,29,42,104,0.4400000,0.7819549,0.4817518,0.6109774,0.7361854,0.0584544
surf,5,smote,0.7067308,0.5921053,45,31,30,102,0.6000000,0.7669173,0.5960265,0.6834586,0.7278372,0.0680147
multisurf,5,smote,0.7019231,0.5822785,46,33,29,100,0.6133333,0.7518797,0.5974026,0.6826065,0.7304516,0.0258823
