Selection Method,n_features,accuracy,precision,TP,FP,FN,TN,sensitivity,specificity,f1,auc_test,auc_cv,std_auc_cv
f_test,21,0.7211538,0.6666667,34,17,41,116,0.4533333,0.8721805,0.5396825,0.6627569,0.8486037,0.0206029
mutual_info,21,0.7403846,0.7058824,36,15,39,118,0.4800000,0.8872180,0.5714286,0.6836090,0.8369875,0.0279670
reliefF,20,0.7259615,0.6800000,34,16,41,117,0.4533333,0.8796992,0.5440000,0.6665163,0.8662507,0.0246359
surf,14,0.7644231,0.7321429,41,15,34,118,0.5466667,0.8872180,0.6259542,0.7169424,0.8378194,0.0387163
multisurf,10,0.7211538,0.6734694,33,16,42,117,0.4400000,0.8796992,0.5322581,0.6598496,0.8429590,0.0272873
