Selection Method,n_features,accuracy,precision,TP,FP,FN,TN,sensitivity,specificity,f1,auc_test,auc_cv,std_auc_cv
f_test,14,0.6666667,0.5609756,23,18,50,113,0.3150685,0.8625954,0.4035088,0.5888320,0.7103220,0.0678558
mutual_info,13,0.6617647,0.5434783,25,21,48,110,0.3424658,0.8396947,0.4201681,0.5910802,0.7103220,0.0678558
reliefF,13,0.6568627,0.5348837,23,20,50,111,0.3150685,0.8473282,0.3965517,0.5811984,0.7072917,0.0715667
surf,7,0.6764706,0.5744681,27,20,46,111,0.3698630,0.8473282,0.4500000,0.6085956,0.7028855,0.0749858
multisurf,15,0.6715686,0.5714286,24,18,49,113,0.3287671,0.8625954,0.4173913,0.5956813,0.7014093,0.0574385
