Selection Method,n_features,balancing,accuracy,precision,TP,FP,FN,TN,sensitivity,specificity,f1,auc_test,auc_cv,std_auc_cv
f_test,15,smote,0.6730769,0.5411765,46,39,29,94,0.6133333,0.7067669,0.5750000,0.6600501,0.7425431,0.0475397
mutual_info,12,smote,0.6586538,0.5243902,43,39,32,94,0.5733333,0.7067669,0.5477707,0.6400501,0.7445633,0.0433062
reliefF,4,smote,0.6538462,0.5180723,43,40,32,93,0.5733333,0.6992481,0.5443038,0.6362907,0.7326500,0.0401552
surf,3,smote,0.6298077,0.4880952,41,43,34,90,0.5466667,0.6766917,0.5157233,0.6116792,0.7207071,0.0562525
multisurf,9,smote,0.6490385,0.5116279,44,42,31,91,0.5866667,0.6842105,0.5465839,0.6354386,0.7377005,0.0516846
