Selection Method,n_features,accuracy,precision,TP,FP,FN,TN,sensitivity,specificity,f1,auc_test,auc_cv,std_auc_cv
f_test,20,0.7403846,0.7560976,31,10,44,123,0.4133333,0.9248120,0.5344828,0.6690727,0.8250743,0.0385141
mutual_info,21,0.7259615,0.7142857,30,12,45,121,0.4000000,0.9097744,0.5128205,0.6548872,0.8254011,0.0295457
reliefF,21,0.7500000,0.7804878,32,9,43,124,0.4266667,0.9323308,0.5517241,0.6794987,0.8191919,0.0335579
surf,20,0.7307692,0.7317073,30,11,45,122,0.4000000,0.9172932,0.5172414,0.6586466,0.8220440,0.0274992
multisurf,14,0.7403846,0.7333333,33,12,42,121,0.4400000,0.9097744,0.5500000,0.6748872,0.8226976,0.0173980
