Selection Method,n_features,balancing,accuracy,precision,TP,FP,FN,TN,sensitivity,specificity,f1,auc_test,auc_cv,std_auc_cv
f_test,29,smote,0.8173077,0.7846154,51,14,24,119,0.6800000,0.8947368,0.7285714,0.7873684,0.8483363,0.0250963
mutual_info,19,smote,0.8028846,0.7500000,51,17,24,116,0.6800000,0.8721805,0.7132867,0.7760902,0.8418598,0.0205871
reliefF,19,smote,0.8125000,0.7727273,51,15,24,118,0.6800000,0.8872180,0.7234043,0.7836090,0.8426322,0.0375432
surf,28,smote,0.8028846,0.7428571,52,18,23,115,0.6933333,0.8646617,0.7172414,0.7789975,0.8419489,0.0316353
multisurf,13,smote,0.7884615,0.7540984,46,15,29,118,0.6133333,0.8872180,0.6764706,0.7502757,0.8483363,0.0414134
