Selection Method,n_features,balancing,accuracy,precision,TP,FP,FN,TN,sensitivity,specificity,f1,auc_test,auc_cv,std_auc_cv
f_test,12,smote,0.6875000,0.6190476,26,16,49,117,0.3466667,0.8796992,0.4444444,0.6131830,0.8510101,0.0344596
mutual_info,22,smote,0.7451923,0.7200000,36,14,39,119,0.4800000,0.8947368,0.5760000,0.6873684,0.8395128,0.0569015
reliefF,20,smote,0.7259615,0.6956522,32,14,43,119,0.4266667,0.8947368,0.5289256,0.6607018,0.8513666,0.0163384
surf,16,smote,0.7500000,0.7346939,36,13,39,120,0.4800000,0.9022556,0.5806452,0.6911278,0.8374034,0.0285194
multisurf,22,smote,0.7451923,0.7037037,38,16,37,117,0.5066667,0.8796992,0.5891473,0.6931830,0.8458111,0.0247589
