Selection Method,n_features,balancing,accuracy,precision,TP,FP,FN,TN,sensitivity,specificity,f1,auc_test,auc_cv,std_auc_cv
f_test,28,smote,0.7259615,0.6046512,52,34,23,99,0.6933333,0.7443609,0.6459627,0.7188471,0.8651218,0.0542939
mutual_info,29,smote,0.7596154,0.6712329,49,24,26,109,0.6533333,0.8195489,0.6621622,0.7364411,0.8536245,0.0414250
reliefF,25,smote,0.7211538,0.6307692,41,24,34,109,0.5466667,0.8195489,0.5857143,0.6831078,0.8653892,0.0344864
surf,19,smote,0.7692308,0.7014925,47,20,28,113,0.6266667,0.8496241,0.6619718,0.7381454,0.8537730,0.0457612
multisurf,25,smote,0.7548077,0.6935484,43,19,32,114,0.5733333,0.8571429,0.6277372,0.7152381,0.8654783,0.0276625
