Selection Method,n_features,accuracy,precision,TP,FP,FN,TN,sensitivity,specificity,f1,auc_test,auc_cv,std_auc_cv
f_test,22,0.6875000,0.5892857,33,23,42,110,0.4400000,0.8270677,0.5038168,0.6335338,0.7346702,0.0368575
mutual_info,21,0.7019231,0.6181818,34,21,41,112,0.4533333,0.8421053,0.5230769,0.6477193,0.7465241,0.0248300
reliefF,22,0.6923077,0.6000000,33,22,42,111,0.4400000,0.8345865,0.5076923,0.6372932,0.7318182,0.0359561
surf,10,0.6971154,0.5937500,38,26,37,107,0.5066667,0.8045113,0.5467626,0.6555890,0.7399584,0.0421926
multisurf,19,0.6923077,0.6037736,32,21,43,112,0.4266667,0.8421053,0.5000000,0.6343860,0.7290255,0.0510434
