Selection Method,n_features,accuracy,precision,TP,FP,FN,TN,sensitivity,specificity,f1,auc_test,auc_cv,std_auc_cv
f_test,18,0.8413462,0.8620690,50,8,25,125,0.6666667,0.9398496,0.7518797,0.8032581,0.8277481,0.0228817
mutual_info,23,0.8413462,0.8620690,50,8,25,125,0.6666667,0.9398496,0.7518797,0.8032581,0.8248069,0.0222820
reliefF,14,0.8461538,0.8524590,52,9,23,124,0.6933333,0.9323308,0.7647059,0.8128321,0.8218657,0.0266761
surf,23,0.8413462,0.8620690,50,8,25,125,0.6666667,0.9398496,0.7518797,0.8032581,0.8365716,0.0155407
multisurf,14,0.8365385,0.8474576,50,9,25,124,0.6666667,0.9323308,0.7462687,0.7994987,0.8306892,0.0248971
