Selection Method,n_features,balancing,accuracy,precision,TP,FP,FN,TN,sensitivity,specificity,f1,auc_test,auc_cv,std_auc_cv
f_test,3,smote,0.6538462,0.5217391,36,33,39,100,0.4800000,0.7518797,0.5000000,0.6159398,0.7464646,0.0759745
mutual_info,15,borderline_smote,0.6923077,0.5696203,45,34,30,99,0.6000000,0.7443609,0.5844156,0.6721805,0.7603981,0.0428347
reliefF,14,kmeans_smote,0.7211538,0.6349206,40,23,35,110,0.5333333,0.8270677,0.5797101,0.6802005,0.7572787,0.0409880
surf,8,kmeans_smote,0.7259615,0.6451613,40,22,35,111,0.5333333,0.8345865,0.5839416,0.6839599,0.7451277,0.0704872
multisurf,15,borderline_smote,0.6730769,0.5411765,46,39,29,94,0.6133333,0.7067669,0.5750000,0.6600501,0.7665181,0.0848138
