Selection Method,n_features,accuracy,precision,TP,FP,FN,TN,sensitivity,specificity,f1,auc_test,auc_cv,std_auc_cv
f_test,20,0.7259615,0.7250000,29,11,46,122,0.3866667,0.9172932,0.5043478,0.6519799,0.8280154,0.0343302
mutual_info,20,0.7596154,0.8787879,29,4,46,129,0.3866667,0.9699248,0.5370370,0.6782957,0.8160725,0.0340459
reliefF,29,0.7548077,0.8333333,30,6,45,127,0.4000000,0.9548872,0.5405405,0.6774436,0.8107843,0.0333333
surf,17,0.7403846,0.7837838,29,8,46,125,0.3866667,0.9398496,0.5178571,0.6632581,0.8283422,0.0521885
multisurf,21,0.7355769,0.7380952,31,11,44,122,0.4133333,0.9172932,0.5299145,0.6653133,0.8400178,0.0488459
