Selection Method,n_features,balancing,accuracy,precision,TP,FP,FN,TN,sensitivity,specificity,f1,auc_test,auc_cv,std_auc_cv
f_test,5,adasyn,0.6682692,0.5384615,42,36,33,97,0.5600000,0.7293233,0.5490196,0.6446617,0.7471182,0.0462559
mutual_info,4,adasyn,0.6634615,0.5373134,36,31,39,102,0.4800000,0.7669173,0.5070423,0.6234586,0.7359180,0.0590006
reliefF,6,smote,0.6923077,0.5820896,39,28,36,105,0.5200000,0.7894737,0.5492958,0.6547368,0.7414736,0.0471379
surf,4,adasyn,0.6682692,0.5405405,40,34,35,99,0.5333333,0.7443609,0.5369128,0.6388471,0.7376708,0.0325299
multisurf,7,smote,0.6826923,0.5692308,37,28,38,105,0.4933333,0.7894737,0.5285714,0.6414035,0.7359180,0.0463052
