Selection Method,n_features,accuracy,precision,TP,FP,FN,TN,sensitivity,specificity,f1,auc_test,auc_cv,std_auc_cv
f_test,23,0.8173077,0.8032787,49,12,26,121,0.6533333,0.9097744,0.7205882,0.7815539,0.8421272,0.0410515
mutual_info,24,0.8269231,0.8196721,50,11,25,122,0.6666667,0.9172932,0.7352941,0.7919799,0.8421272,0.0410515
reliefF,24,0.8125000,0.7903226,49,13,26,120,0.6533333,0.9022556,0.7153285,0.7777945,0.8391860,0.0417459
surf,14,0.8076923,0.7692308,50,15,25,118,0.6666667,0.8872180,0.7142857,0.7769424,0.8392751,0.0318430
multisurf,15,0.8125000,0.7903226,49,13,26,120,0.6533333,0.9022556,0.7153285,0.7777945,0.8451575,0.0406041
