Selection Method,n_features,balancing,accuracy,precision,TP,FP,FN,TN,sensitivity,specificity,f1,auc_test,auc_cv,std_auc_cv
f_test,11,borderline_smote,0.6634615,0.5274725,48,43,27,90,0.6400000,0.6766917,0.5783133,0.6583459,0.7698752,0.0250707
mutual_info,13,borderline_smote,0.6442308,0.5047619,53,52,22,81,0.7066667,0.6090226,0.5888889,0.6578446,0.7723113,0.0362878
reliefF,13,borderline_smote,0.6442308,0.5047619,53,52,22,81,0.7066667,0.6090226,0.5888889,0.6578446,0.7664290,0.0346218
surf,12,adasyn,0.6778846,0.5416667,52,44,23,89,0.6933333,0.6691729,0.6081871,0.6812531,0.7670232,0.0346316
multisurf,10,smote,0.7259615,0.6097561,50,32,25,101,0.6666667,0.7593985,0.6369427,0.7130326,0.7830065,0.0196807
