Selection Method,n_features,accuracy,precision,TP,FP,FN,TN,sensitivity,specificity,f1,auc_test,auc_cv,std_auc_cv
f_test,20,0.7403846,0.7234043,34,13,41,120,0.4533333,0.9022556,0.5573770,0.6777945,0.8427213,0.0195213
mutual_info,22,0.7307692,0.6862745,35,16,40,117,0.4666667,0.8796992,0.5555556,0.6731830,0.8459002,0.0312813
reliefF,22,0.7115385,0.6315789,36,21,39,112,0.4800000,0.8421053,0.5454545,0.6610526,0.8521093,0.0492722
surf,14,0.7500000,0.7169811,38,15,37,118,0.5066667,0.8872180,0.5937500,0.6969424,0.8368984,0.0393582
multisurf,16,0.7403846,0.6909091,38,17,37,116,0.5066667,0.8721805,0.5846154,0.6894236,0.8369875,0.0333379
