Selection Method,n_features,accuracy,precision,TP,FP,FN,TN,sensitivity,specificity,f1,auc_test,auc_cv,std_auc_cv
f_test,5,0.6826923,0.5849057,31,22,44,111,0.4133333,0.8345865,0.4843750,0.6239599,0.7308378,0.0623230
mutual_info,4,0.7115385,0.6829268,28,13,47,120,0.3733333,0.9022556,0.4827586,0.6377945,0.6967617,0.0263823
reliefF,5,0.6826923,0.5849057,31,22,44,111,0.4133333,0.8345865,0.4843750,0.6239599,0.7101604,0.0759401
surf,13,0.6826923,0.5818182,32,23,43,110,0.4266667,0.8270677,0.4923077,0.6268672,0.6946524,0.0648284
multisurf,12,0.7115385,0.6415094,34,19,41,114,0.4533333,0.8571429,0.5312500,0.6552381,0.7060012,0.0641458
