Selection Method,n_features,balancing,accuracy,precision,TP,FP,FN,TN,sensitivity,specificity,f1,auc_test,auc_cv,std_auc_cv
f_test,35,smote,0.7307692,0.7878788,26,7,49,126,0.3466667,0.9473684,0.4814815,0.6470175,0.8627154,0.0303197
mutual_info,42,smote,0.7355769,0.7777778,28,8,47,125,0.3733333,0.9398496,0.5045045,0.6565915,0.8510992,0.0339935
reliefF,31,smote,0.7163462,0.7666667,23,7,52,126,0.3066667,0.9473684,0.4380952,0.6270175,0.8568330,0.0287517
surf,23,smote,0.7163462,0.7857143,22,6,53,127,0.2933333,0.9548872,0.4271845,0.6241103,0.8564171,0.0303873
multisurf,24,smote,0.7211538,0.7931034,23,6,52,127,0.3066667,0.9548872,0.4423077,0.6307769,0.8572490,0.0124046
