Selection Method,n_features,accuracy,precision,TP,FP,FN,TN,sensitivity,specificity,f1,auc_test,auc_cv,std_auc_cv
f_test,10,0.7019231,0.6511628,28,15,47,118,0.3733333,0.8872180,0.4745763,0.6302757,0.7338681,0.0548388
mutual_info,11,0.7115385,0.6666667,30,15,45,118,0.4000000,0.8872180,0.5000000,0.6436090,0.7487522,0.0408063
reliefF,10,0.6875000,0.6136364,27,17,48,116,0.3600000,0.8721805,0.4537815,0.6160902,0.7393939,0.0269074
surf,9,0.7067308,0.6750000,27,13,48,120,0.3600000,0.9022556,0.4695652,0.6311278,0.7488414,0.0491132
multisurf,11,0.6778846,0.6000000,24,16,51,117,0.3200000,0.8796992,0.4173913,0.5998496,0.7487522,0.0279130
