Selection Method,n_features,balancing,accuracy,precision,TP,FP,FN,TN,sensitivity,specificity,f1,auc_test,auc_cv,std_auc_cv
f_test,28,smote,0.7211538,0.6268657,42,25,33,108,0.5600000,0.8120301,0.5915493,0.6860150,0.6880867,0.0912774
mutual_info,18,smote,0.7163462,0.6250000,40,24,35,109,0.5333333,0.8195489,0.5755396,0.6764411,0.7095663,0.0731204
reliefF,18,smote,0.7163462,0.6081081,45,29,30,104,0.6000000,0.7819549,0.6040268,0.6909774,0.7062092,0.0625998
surf,26,smote,0.7163462,0.6212121,41,25,34,108,0.5466667,0.8120301,0.5815603,0.6793484,0.6876114,0.0700820
multisurf,24,smote,0.7644231,0.6857143,48,22,27,111,0.6400000,0.8345865,0.6620690,0.7372932,0.7174688,0.0310475
