Selection Method,n_features,accuracy,precision,TP,FP,FN,TN,sensitivity,specificity,f1,auc_test,auc_cv,std_auc_cv
f_test,23,0.8076923,0.7536232,52,17,23,116,0.6933333,0.8721805,0.7222222,0.7827569,0.8721331,0.0157472
mutual_info,22,0.7355769,0.6388889,46,26,29,107,0.6133333,0.8045113,0.6258503,0.7089223,0.8772430,0.0466515
reliefF,26,0.7788462,0.7164179,48,19,27,114,0.6400000,0.8571429,0.6760563,0.7485714,0.8779263,0.0298581
surf,26,0.8028846,0.7741935,48,14,27,119,0.6400000,0.8947368,0.7007299,0.7673684,0.8750743,0.0183698
multisurf,17,0.7980769,0.7462687,50,17,25,116,0.6666667,0.8721805,0.7042254,0.7694236,0.8710339,0.0263860
