Selection Method,n_features,balancing,accuracy,precision,TP,FP,FN,TN,sensitivity,specificity,f1,auc_test,auc_cv,std_auc_cv
f_test,20,smote,0.7451923,0.6571429,46,24,29,109,0.6133333,0.8195489,0.6344828,0.7164411,0.8366607,0.0495912
mutual_info,19,smote,0.7163462,0.6111111,44,28,31,105,0.5866667,0.7894737,0.5986395,0.6880702,0.8648247,0.0339061
reliefF,20,smote,0.7163462,0.6111111,44,28,31,105,0.5866667,0.7894737,0.5986395,0.6880702,0.8453654,0.0402414
surf,22,smote,0.7211538,0.6164384,45,28,30,105,0.6000000,0.7894737,0.6081081,0.6947368,0.8477421,0.0350338
multisurf,22,smote,0.7115385,0.6056338,43,28,32,105,0.5733333,0.7894737,0.5890411,0.6814035,0.8400772,0.0561600
