Selection Method,n_features,accuracy,precision,TP,FP,FN,TN,sensitivity,specificity,f1,auc_test,auc_cv,std_auc_cv
f_test,24,0.8076923,0.7777778,49,14,26,119,0.6533333,0.8947368,0.7101449,0.7740351,0.8568330,0.0337377
mutual_info,24,0.8125000,0.8214286,46,10,29,123,0.6133333,0.9248120,0.7022901,0.7690727,0.8513666,0.0414314
reliefF,24,0.8076923,0.7777778,49,14,26,119,0.6533333,0.8947368,0.7101449,0.7740351,0.8538919,0.0358083
surf,22,0.8221154,0.8166667,49,11,26,122,0.6533333,0.9172932,0.7259259,0.7853133,0.8628045,0.0330600
multisurf,24,0.8173077,0.8135593,48,11,27,122,0.6400000,0.9172932,0.7164179,0.7786466,0.8569222,0.0316448
