Selection Method,n_features,accuracy,precision,TP,FP,FN,TN,sensitivity,specificity,f1,auc_test,auc_cv,std_auc_cv
f_test,29,0.7740385,0.7000000,49,21,26,112,0.6533333,0.8421053,0.6758621,0.7477193,0.8776589,0.0385337
mutual_info,29,0.7163462,0.5930233,51,35,24,98,0.6800000,0.7368421,0.6335404,0.7084211,0.8890374,0.0225210
reliefF,28,0.7548077,0.6621622,49,25,26,108,0.6533333,0.8120301,0.6577181,0.7326817,0.8724599,0.0236301
surf,30,0.7980769,0.7462687,50,17,25,116,0.6666667,0.8721805,0.7042254,0.7694236,0.8724599,0.0236301
multisurf,29,0.7163462,0.5930233,51,35,24,98,0.6800000,0.7368421,0.6335404,0.7084211,0.8775104,0.0197816
