Selection Method,n_features,balancing,accuracy,precision,TP,FP,FN,TN,sensitivity,specificity,f1,auc_test,auc_cv,std_auc_cv
f_test,28,smote,0.7307692,0.6507937,41,22,34,111,0.5466667,0.8345865,0.5942029,0.6906266,0.8537136,0.0486109
mutual_info,27,smote,0.7403846,0.6721311,41,20,34,113,0.5466667,0.8496241,0.6029412,0.6981454,0.8365716,0.0405133
reliefF,10,smote,0.7403846,0.6842105,39,18,36,115,0.5200000,0.8646617,0.5909091,0.6923308,0.8311052,0.0283305
surf,16,smote,0.7596154,0.7272727,40,15,35,118,0.5333333,0.8872180,0.6153846,0.7102757,0.8370766,0.0339882
multisurf,12,smote,0.7692308,0.7454545,41,14,34,119,0.5466667,0.8947368,0.6307692,0.7207018,0.8280749,0.0158995
