Selection Method,n_features,accuracy,precision,TP,FP,FN,TN,sensitivity,specificity,f1,auc_test,auc_cv,std_auc_cv
f_test,15,0.7115385,0.6229508,38,23,37,110,0.5066667,0.8270677,0.5588235,0.6668672,0.7218954,0.0388532
mutual_info,12,0.7019231,0.6101695,36,23,39,110,0.4800000,0.8270677,0.5373134,0.6535338,0.7507427,0.0338244
reliefF,14,0.7067308,0.6129032,38,24,37,109,0.5066667,0.8195489,0.5547445,0.6631078,0.7253417,0.0368113
surf,3,0.6826923,0.5737705,35,26,40,107,0.4666667,0.8045113,0.5147059,0.6355890,0.7120618,0.0457468
multisurf,14,0.7067308,0.6060606,40,26,35,107,0.5333333,0.8045113,0.5673759,0.6689223,0.7223708,0.0403331
