Selection Method,n_features,accuracy,precision,TP,FP,FN,TN,sensitivity,specificity,f1,auc_test,auc_cv,std_auc_cv
f_test,12,0.7596154,0.6811594,47,22,28,111,0.6266667,0.8345865,0.6527778,0.7306266,0.8241236,0.0396976
mutual_info,12,0.8076923,0.7777778,49,14,26,119,0.6533333,0.8947368,0.7101449,0.7740351,0.8355615,0.0287245
reliefF,21,0.7836538,0.6923077,54,24,21,109,0.7200000,0.8195489,0.7058824,0.7697744,0.8384135,0.0205931
surf,23,0.7932692,0.7500000,48,16,27,117,0.6400000,0.8796992,0.6906475,0.7598496,0.8446227,0.0183005
multisurf,15,0.8028846,0.7656250,49,15,26,118,0.6533333,0.8872180,0.7050360,0.7702757,0.8390969,0.0160964
