Selection Method,n_features,accuracy,precision,TP,FP,FN,TN,sensitivity,specificity,f1,auc_test,auc_cv,std_auc_cv
f_test,7,0.7307692,0.6727273,37,18,38,115,0.4933333,0.8646617,0.5692308,0.6789975,0.7680927,0.0765070
mutual_info,15,0.6442308,0.5098039,26,25,49,108,0.3466667,0.8120301,0.4126984,0.5793484,0.7629234,0.0730185
reliefF,14,0.6923077,0.5873016,37,26,38,107,0.4933333,0.8045113,0.5362319,0.6489223,0.7631610,0.0382949
surf,13,0.6875000,0.5735294,39,29,36,104,0.5200000,0.7819549,0.5454545,0.6509774,0.7573084,0.0261364
multisurf,14,0.6875000,0.5833333,35,25,40,108,0.4666667,0.8120301,0.5185185,0.6393484,0.7660428,0.0446452
