Selection Method,n_features,accuracy,precision,TP,FP,FN,TN,sensitivity,specificity,f1,auc_test,auc_cv,std_auc_cv
f_test,4,0.6875000,0.5925926,32,22,43,111,0.4266667,0.8345865,0.4961240,0.6306266,0.7191919,0.0327231
mutual_info,6,0.6634615,0.5471698,29,24,46,109,0.3866667,0.8195489,0.4531250,0.6031078,0.7162507,0.0497334
reliefF,8,0.6634615,0.5510204,27,22,48,111,0.3600000,0.8345865,0.4354839,0.5972932,0.7131610,0.0435580
surf,7,0.6634615,0.5510204,27,22,48,111,0.3600000,0.8345865,0.4354839,0.5972932,0.7199643,0.0566999
multisurf,7,0.6971154,0.6250000,30,18,45,115,0.4000000,0.8646617,0.4878049,0.6323308,0.7314617,0.0566473
