Selection Method,n_features,accuracy,precision,TP,FP,FN,TN,sensitivity,specificity,f1,auc_test,auc_cv,std_auc_cv
f_test,4,0.7163462,0.6481481,35,19,40,114,0.4666667,0.8571429,0.5426357,0.6619048,0.7485443,0.0367634
mutual_info,8,0.6875000,0.6086957,28,18,47,115,0.3733333,0.8646617,0.4628099,0.6189975,0.7339275,0.0321627
reliefF,3,0.7115385,0.6744186,29,14,46,119,0.3866667,0.8947368,0.4915254,0.6407018,0.7228164,0.0355223
surf,4,0.6634615,0.5454545,30,25,45,108,0.4000000,0.8120301,0.4615385,0.6060150,0.7218063,0.0508821
multisurf,8,0.6538462,0.5384615,21,18,54,115,0.2800000,0.8646617,0.3684211,0.5723308,0.7219846,0.0239116
