Selection Method,n_features,accuracy,precision,TP,FP,FN,TN,sensitivity,specificity,f1,auc_test,auc_cv,std_auc_cv
f_test,11,0.6586538,0.5400000,27,23,48,110,0.3600000,0.8270677,0.4320000,0.5935338,0.7310160,0.0463472
mutual_info,11,0.6778846,0.6000000,24,16,51,117,0.3200000,0.8796992,0.4173913,0.5998496,0.7519608,0.0196677
reliefF,10,0.6923077,0.6279070,27,16,48,117,0.3600000,0.8796992,0.4576271,0.6198496,0.7425134,0.0356533
surf,9,0.6826923,0.6097561,25,16,50,117,0.3333333,0.8796992,0.4310345,0.6065163,0.7542781,0.0335850
multisurf,11,0.7211538,0.7073171,29,12,46,121,0.3866667,0.9097744,0.5000000,0.6482206,0.7545455,0.0351009
