Selection Method,n_features,balancing,accuracy,precision,TP,FP,FN,TN,sensitivity,specificity,f1,auc_test,auc_cv,std_auc_cv
f_test,29,smote,0.6730769,0.5492958,39,32,36,101,0.5200000,0.7593985,0.5342466,0.6396992,0.7056150,0.0223521
mutual_info,21,smote,0.6682692,0.5576923,29,23,46,110,0.3866667,0.8270677,0.4566929,0.6068672,0.6876411,0.0844158
reliefF,6,smote,0.6634615,0.5510204,27,22,48,111,0.3600000,0.8345865,0.4354839,0.5972932,0.6816102,0.0731371
surf,25,smote,0.6634615,0.5384615,35,30,40,103,0.4666667,0.7744361,0.5000000,0.6205514,0.6966429,0.0682881
multisurf,9,smote,0.6634615,0.5423729,32,27,43,106,0.4266667,0.7969925,0.4776119,0.6118296,0.7187463,0.0443287
