Selection Method,n_features,balancing,accuracy,precision,TP,FP,FN,TN,sensitivity,specificity,f1,auc_test,auc_cv,std_auc_cv
f_test,24,smote,0.7403846,0.7058824,36,15,39,118,0.4800000,0.8872180,0.5714286,0.6836090,0.8542187,0.0352024
mutual_info,19,smote,0.7596154,0.7272727,40,15,35,118,0.5333333,0.8872180,0.6153846,0.7102757,0.8474153,0.0356401
reliefF,25,smote,0.7500000,0.7017544,40,17,35,116,0.5333333,0.8721805,0.6060606,0.7027569,0.8448010,0.0489415
surf,28,smote,0.7500000,0.7555556,34,11,41,122,0.4533333,0.9172932,0.5666667,0.6853133,0.8597742,0.0221890
multisurf,25,smote,0.7548077,0.7500000,36,12,39,121,0.4800000,0.9097744,0.5853659,0.6948872,0.8540404,0.0253547
