Selection Method,n_features,balancing,accuracy,precision,TP,FP,FN,TN,sensitivity,specificity,f1,auc_test,auc_cv,std_auc_cv
f_test,14,adasyn,0.6923077,0.5753425,42,31,33,102,0.5600000,0.7669173,0.5675676,0.6634586,0.7564468,0.0590342
mutual_info,13,adasyn,0.6153846,0.4731183,44,49,31,84,0.5866667,0.6315789,0.5238095,0.6091228,0.7334522,0.0444686
reliefF,11,kmeans_smote,0.6826923,0.5714286,36,27,39,106,0.4800000,0.7969925,0.5217391,0.6384962,0.7443256,0.0407628
surf,11,adasyn,0.6346154,0.4947368,47,48,28,85,0.6266667,0.6390977,0.5529412,0.6328822,0.7419786,0.0617918
multisurf,4,borderline_smote,0.6105769,0.4634146,38,44,37,89,0.5066667,0.6691729,0.4840764,0.5879198,0.7413250,0.0307861
