Selection Method,n_features,balancing,accuracy,precision,TP,FP,FN,TN,sensitivity,specificity,f1,auc_test,auc_cv,std_auc_cv
f_test,25,smote,0.7067308,0.6206897,36,22,39,111,0.4800000,0.8345865,0.5413534,0.6572932,0.8599525,0.0431687
mutual_info,29,smote,0.7211538,0.6440678,38,21,37,112,0.5066667,0.8421053,0.5671642,0.6743860,0.8449792,0.0635961
reliefF,21,smote,0.7259615,0.6406250,41,23,34,110,0.5466667,0.8270677,0.5899281,0.6868672,0.8422757,0.0374576
surf,23,smote,0.7259615,0.6406250,41,23,34,110,0.5466667,0.8270677,0.5899281,0.6868672,0.8475936,0.0456751
multisurf,28,smote,0.7500000,0.6949153,41,18,34,115,0.5466667,0.8646617,0.6119403,0.7056642,0.8479204,0.0487369
