Selection Method,n_features,balancing,accuracy,precision,TP,FP,FN,TN,sensitivity,specificity,f1,auc_test,auc_cv,std_auc_cv
f_test,6,smote,0.6923077,0.5846154,38,27,37,106,0.5066667,0.7969925,0.5428571,0.6518296,0.7628045,0.0453709
mutual_info,15,smote,0.7067308,0.5897436,46,32,29,101,0.6133333,0.7593985,0.6013072,0.6863659,0.7541592,0.0330748
reliefF,4,smote,0.6634615,0.5384615,35,30,40,103,0.4666667,0.7744361,0.5000000,0.6205514,0.7472668,0.0166538
surf,12,smote,0.7115385,0.6000000,45,30,30,103,0.6000000,0.7744361,0.6000000,0.6872180,0.7598039,0.0397409
multisurf,14,smote,0.6971154,0.5810811,43,31,32,102,0.5733333,0.7669173,0.5771812,0.6701253,0.7741830,0.0430123
