Selection Method,n_features,balancing,accuracy,precision,TP,FP,FN,TN,sensitivity,specificity,f1,auc_test,auc_cv,std_auc_cv
f_test,29,smote,0.7451923,0.6666667,44,22,31,111,0.5866667,0.8345865,0.6241135,0.7106266,0.8565657,0.0405741
mutual_info,23,smote,0.7548077,0.6714286,47,23,28,110,0.6266667,0.8270677,0.6482759,0.7268672,0.8508318,0.0582843
reliefF,29,smote,0.7692308,0.7142857,45,18,30,115,0.6000000,0.8646617,0.6521739,0.7323308,0.8506833,0.0330699
surf,19,smote,0.7932692,0.7580645,47,15,28,118,0.6266667,0.8872180,0.6861314,0.7569424,0.8599228,0.0425369
multisurf,26,smote,0.7740385,0.7413793,43,15,32,118,0.5733333,0.8872180,0.6466165,0.7302757,0.8563280,0.0174324
