Selection Method,n_features,balancing,accuracy,precision,TP,FP,FN,TN,sensitivity,specificity,f1,auc_test,auc_cv,std_auc_cv
f_test,36,smote,0.6971154,0.6153846,32,20,43,113,0.4266667,0.8496241,0.5039370,0.6381454,0.8560903,0.0446363
mutual_info,41,smote,0.6682692,0.5454545,36,30,39,103,0.4800000,0.7744361,0.5106383,0.6272180,0.8248960,0.0613588
reliefF,30,smote,0.6201923,0.4696970,31,35,44,98,0.4133333,0.7368421,0.4397163,0.5750877,0.8386512,0.0525520
surf,24,smote,0.6634615,0.5454545,30,25,45,108,0.4000000,0.8120301,0.4615385,0.6060150,0.8332739,0.0413069
multisurf,13,smote,0.6971154,0.5909091,39,27,36,106,0.5200000,0.7969925,0.5531915,0.6584962,0.8449792,0.0439207
