Selection Method,n_features,balancing,accuracy,precision,TP,FP,FN,TN,sensitivity,specificity,f1,auc_test,auc_cv,std_auc_cv
f_test,4,smote,0.6682692,0.5428571,38,32,37,101,0.5066667,0.7593985,0.5241379,0.6330326,0.7470291,0.0344407
mutual_info,15,smote,0.6250000,0.4827586,42,45,33,88,0.5600000,0.6616541,0.5185185,0.6108271,0.7422757,0.0530737
reliefF,4,smote,0.6682692,0.5428571,38,32,37,101,0.5066667,0.7593985,0.5241379,0.6330326,0.7412359,0.0362868
surf,15,smote,0.6250000,0.4805195,37,40,38,93,0.4933333,0.6992481,0.4868421,0.5962907,0.7387701,0.0471347
multisurf,10,smote,0.6538462,0.5185185,42,39,33,94,0.5600000,0.7067669,0.5384615,0.6333835,0.7467617,0.0418633
