Selection Method,n_features,balancing,accuracy,precision,TP,FP,FN,TN,sensitivity,specificity,f1,auc_test,auc_cv,std_auc_cv
f_test,15,borderline_smote,0.6875000,0.5675676,42,32,33,101,0.5600000,0.7593985,0.5637584,0.6596992,0.7565954,0.0440599
mutual_info,13,borderline_smote,0.6971154,0.5967742,37,25,38,108,0.4933333,0.8120301,0.5401460,0.6526817,0.7606358,0.0288016
reliefF,15,borderline_smote,0.6778846,0.5571429,39,31,36,102,0.5200000,0.7669173,0.5379310,0.6434586,0.7633096,0.0529499
surf,15,borderline_smote,0.6778846,0.5588235,38,30,37,103,0.5066667,0.7744361,0.5314685,0.6405514,0.7655080,0.0361445
multisurf,14,smote,0.6971154,0.5937500,38,26,37,107,0.5066667,0.8045113,0.5467626,0.6555890,0.7608140,0.0325819
