Selection Method,n_features,accuracy,precision,TP,FP,FN,TN,sensitivity,specificity,f1,auc_test,auc_cv,std_auc_cv
f_test,29,0.7980769,0.7538462,49,16,26,117,0.6533333,0.8796992,0.7000000,0.7665163,0.8724599,0.0217228
mutual_info,29,0.7980769,0.7619048,48,15,27,118,0.6400000,0.8872180,0.6956522,0.7636090,0.8724599,0.0365641
reliefF,30,0.7884615,0.7313433,49,18,26,115,0.6533333,0.8646617,0.6901408,0.7589975,0.8753119,0.0483633
surf,30,0.7692308,0.7213115,44,17,31,116,0.5866667,0.8721805,0.6470588,0.7294236,0.8754011,0.0359762
multisurf,29,0.7692308,0.6956522,48,21,27,112,0.6400000,0.8421053,0.6666667,0.7410526,0.8723708,0.0366489
