Selection Method,n_features,balancing,accuracy,precision,TP,FP,FN,TN,sensitivity,specificity,f1,auc_test,auc_cv,std_auc_cv
f_test,15,smote,0.6490385,0.5116279,44,42,31,91,0.5866667,0.6842105,0.5465839,0.6354386,0.7418301,0.0714236
mutual_info,15,borderline_smote,0.6586538,0.5208333,50,46,25,87,0.6666667,0.6541353,0.5847953,0.6604010,0.7519014,0.0478796
reliefF,13,borderline_smote,0.6490385,0.5106383,48,46,27,87,0.6400000,0.6541353,0.5680473,0.6470677,0.7404040,0.0633609
surf,13,borderline_smote,0.6875000,0.5555556,50,40,25,93,0.6666667,0.6992481,0.6060606,0.6829574,0.7414736,0.0316843
multisurf,15,borderline_smote,0.6586538,0.5208333,50,46,25,87,0.6666667,0.6541353,0.5847953,0.6604010,0.7488711,0.0447561
