Selection Method,n_features,balancing,accuracy,precision,TP,FP,FN,TN,sensitivity,specificity,f1,auc_test,auc_cv,std_auc_cv
f_test,11,adasyn,0.6875000,0.5609756,46,36,29,97,0.6133333,0.7293233,0.5859873,0.6713283,0.7652704,0.0595294
mutual_info,15,borderline_smote,0.6826923,0.5569620,44,35,31,98,0.5866667,0.7368421,0.5714286,0.6617544,0.7600416,0.0825194
reliefF,11,smote,0.6971154,0.5833333,42,30,33,103,0.5600000,0.7744361,0.5714286,0.6672180,0.7599822,0.0706125
surf,11,kmeans_smote,0.6923077,0.6037736,32,21,43,112,0.4266667,0.8421053,0.5000000,0.6343860,0.7403149,0.0590280
multisurf,15,borderline_smote,0.6826923,0.5542169,46,37,29,96,0.6133333,0.7218045,0.5822785,0.6675689,0.7661913,0.0710338
