Selection Method,n_features,balancing,accuracy,precision,TP,FP,FN,TN,sensitivity,specificity,f1,auc_test,auc_cv,std_auc_cv
f_test,40,smote,0.7259615,0.7142857,30,12,45,121,0.4000000,0.9097744,0.5128205,0.6548872,0.8453060,0.0379971
mutual_info,40,smote,0.7355769,0.7272727,32,12,43,121,0.4266667,0.9097744,0.5378151,0.6682206,0.8572490,0.0281666
reliefF,34,smote,0.7500000,0.8108108,30,7,45,126,0.4000000,0.9473684,0.5357143,0.6736842,0.8425431,0.0452175
surf,7,smote,0.7259615,0.7045455,31,13,44,120,0.4133333,0.9022556,0.5210084,0.6577945,0.8368390,0.0137570
multisurf,26,smote,0.7307692,0.7567568,28,9,47,124,0.3733333,0.9323308,0.5000000,0.6528321,0.8399287,0.0427867
