Selection Method,n_features,accuracy,precision,TP,FP,FN,TN,sensitivity,specificity,f1,auc_test,auc_cv,std_auc_cv
f_test,41,0.7403846,0.8000000,28,7,47,126,0.3733333,0.9473684,0.5090909,0.6603509,0.8340463,0.0426148
mutual_info,33,0.7259615,0.7045455,31,13,44,120,0.4133333,0.9022556,0.5210084,0.6577945,0.8311052,0.0470044
reliefF,33,0.7163462,0.6904762,29,13,46,120,0.3866667,0.9022556,0.4957265,0.6444612,0.8395128,0.0481128
surf,21,0.7163462,0.6904762,29,13,46,120,0.3866667,0.9022556,0.4957265,0.6444612,0.8282531,0.0475184
multisurf,25,0.7163462,0.6904762,29,13,46,120,0.3866667,0.9022556,0.4957265,0.6444612,0.8341355,0.0465599
