Selection Method,n_features,balancing,accuracy,precision,TP,FP,FN,TN,sensitivity,specificity,f1,auc_test,auc_cv,std_auc_cv
f_test,44,smote,0.7403846,0.7142857,35,14,40,119,0.4666667,0.8947368,0.5645161,0.6807018,0.8489305,0.0336729
mutual_info,42,smote,0.7403846,0.7142857,35,14,40,119,0.4666667,0.8947368,0.5645161,0.6807018,0.8543969,0.0366147
reliefF,40,smote,0.7451923,0.7200000,36,14,39,119,0.4800000,0.8947368,0.5760000,0.6873684,0.8513666,0.0377955
surf,44,smote,0.7403846,0.7142857,35,14,40,119,0.4666667,0.8947368,0.5645161,0.6807018,0.8429590,0.0390275
multisurf,44,smote,0.7403846,0.7142857,35,14,40,119,0.4666667,0.8947368,0.5645161,0.6807018,0.8489305,0.0336729
