Selection Method,n_features,balancing,accuracy,precision,TP,FP,FN,TN,sensitivity,specificity,f1,auc_test,auc_cv,std_auc_cv
f_test,6,smote,0.7019231,0.5890411,43,30,32,103,0.5733333,0.7744361,0.5810811,0.6738847,0.7684492,0.0399478
mutual_info,11,smote,0.7163462,0.6081081,45,29,30,104,0.6000000,0.7819549,0.6040268,0.6909774,0.7525847,0.0627272
reliefF,5,smote,0.6682692,0.5405405,40,34,35,99,0.5333333,0.7443609,0.5369128,0.6388471,0.7675282,0.0245599
surf,11,smote,0.6923077,0.5714286,44,33,31,100,0.5866667,0.7518797,0.5789474,0.6692732,0.7561794,0.0266191
multisurf,14,smote,0.6730769,0.5479452,40,33,35,100,0.5333333,0.7518797,0.5405405,0.6426065,0.7745098,0.0184236
