Selection Method,n_features,accuracy,precision,TP,FP,FN,TN,sensitivity,specificity,f1,auc_test,auc_cv,std_auc_cv
f_test,29,0.4637681,0.3774834,57,94,17,39,0.7702703,0.2932331,0.5066667,0.5317517,0.7773619,0.0269180
mutual_info,29,0.4782609,0.3835616,56,90,18,43,0.7567568,0.3233083,0.5090909,0.5400325,0.7746881,0.0315835
reliefF,30,0.4589372,0.3733333,56,94,18,39,0.7567568,0.2932331,0.5000000,0.5249949,0.7716578,0.0334119
surf,30,0.4782609,0.3819444,55,89,19,44,0.7432432,0.3308271,0.5045872,0.5370352,0.7777184,0.0375670
multisurf,29,0.4589372,0.3733333,56,94,18,39,0.7567568,0.2932331,0.5000000,0.5249949,0.7746881,0.0315835
