Selection Method,n_features,accuracy,precision,TP,FP,FN,TN,sensitivity,specificity,f1,auc_test,auc_cv,std_auc_cv
f_test,21,0.8269231,0.8545455,47,8,28,125,0.6266667,0.9398496,0.7230769,0.7832581,0.8630422,0.0186672
mutual_info,24,0.7932692,0.7666667,46,14,29,119,0.6133333,0.8947368,0.6814815,0.7540351,0.8656566,0.0231709
reliefF,23,0.7980769,0.7704918,47,14,28,119,0.6266667,0.8947368,0.6911765,0.7607018,0.8571598,0.0224383
surf,20,0.8028846,0.7931034,46,12,29,121,0.6133333,0.9097744,0.6917293,0.7615539,0.8659834,0.0265816
multisurf,21,0.7980769,0.7796610,46,13,29,120,0.6133333,0.9022556,0.6865672,0.7577945,0.8685977,0.0179913
