Selection Method,n_features,balancing,accuracy,precision,TP,FP,FN,TN,sensitivity,specificity,f1,auc_test,auc_cv,std_auc_cv
f_test,22,smote,0.7980769,0.7323944,52,19,23,114,0.6933333,0.8571429,0.7123288,0.7752381,0.8510398,0.0329656
mutual_info,29,smote,0.8076923,0.7397260,54,19,21,114,0.7200000,0.8571429,0.7297297,0.7885714,0.8476827,0.0415137
reliefF,23,smote,0.7836538,0.7205882,49,19,26,114,0.6533333,0.8571429,0.6853147,0.7552381,0.8421272,0.0318458
surf,13,smote,0.7884615,0.7246377,50,19,25,114,0.6666667,0.8571429,0.6944444,0.7619048,0.8449792,0.0473665
multisurf,10,smote,0.7980769,0.7391304,51,18,24,115,0.6800000,0.8646617,0.7083333,0.7723308,0.8539810,0.0384518
