Selection Method,n_features,balancing,accuracy,precision,TP,FP,FN,TN,sensitivity,specificity,f1,auc_test,auc_cv,std_auc_cv
f_test,28,smote,0.7692308,0.6901408,49,22,26,111,0.6533333,0.8345865,0.6712329,0.7439599,0.8454545,0.0324149
mutual_info,28,smote,0.8125000,0.7727273,51,15,24,118,0.6800000,0.8872180,0.7234043,0.7836090,0.8357992,0.0169688
reliefF,10,smote,0.8173077,0.7681159,53,16,22,117,0.7066667,0.8796992,0.7361111,0.7931830,0.8326203,0.0281513
surf,23,smote,0.7788462,0.6883117,53,24,22,109,0.7066667,0.8195489,0.6973684,0.7631078,0.8416815,0.0455523
multisurf,26,smote,0.8173077,0.7534247,55,18,20,115,0.7333333,0.8646617,0.7432432,0.7989975,0.8384135,0.0548086
