Selection Method,n_features,accuracy,precision,TP,FP,FN,TN,sensitivity,specificity,f1,auc_test,auc_cv,std_auc_cv
f_test,23,0.7163462,0.6600000,33,17,42,116,0.4400000,0.8721805,0.5280000,0.6560902,0.8364825,0.0247761
mutual_info,10,0.7307692,0.6938776,34,15,41,118,0.4533333,0.8872180,0.5483871,0.6702757,0.8364825,0.0353714
reliefF,23,0.7307692,0.6666667,38,19,37,114,0.5066667,0.8571429,0.5757576,0.6819048,0.8276589,0.0466497
surf,19,0.7548077,0.7222222,39,15,36,118,0.5200000,0.8872180,0.6046512,0.7036090,0.8399287,0.0312266
multisurf,25,0.7451923,0.7037037,38,16,37,117,0.5066667,0.8796992,0.5891473,0.6931830,0.8341355,0.0397902
