Selection Method,n_features,balancing,accuracy,precision,TP,FP,FN,TN,sensitivity,specificity,f1,auc_test,auc_cv,std_auc_cv
f_test,22,smote,0.7355769,0.6785714,38,18,37,115,0.5066667,0.8646617,0.5801527,0.6856642,0.8332739,0.0235163
mutual_info,28,smote,0.7259615,0.6551724,38,20,37,113,0.5066667,0.8496241,0.5714286,0.6781454,0.8270648,0.0303262
reliefF,25,smote,0.7548077,0.7000000,42,18,33,115,0.5600000,0.8646617,0.6222222,0.7123308,0.8333630,0.0345389
surf,21,smote,0.7307692,0.6727273,37,18,38,115,0.4933333,0.8646617,0.5692308,0.6789975,0.8455437,0.0325521
multisurf,27,smote,0.7259615,0.6551724,38,20,37,113,0.5066667,0.8496241,0.5714286,0.6781454,0.8356506,0.0288065
