Selection Method,n_features,balancing,accuracy,precision,TP,FP,FN,TN,sensitivity,specificity,f1,auc_test,auc_cv,std_auc_cv
f_test,27,smote,0.7596154,0.6582278,52,27,23,106,0.6933333,0.7969925,0.6753247,0.7451629,0.8664884,0.0280283
mutual_info,29,smote,0.7980769,0.7200000,54,21,21,112,0.7200000,0.8421053,0.7200000,0.7810526,0.8628936,0.0340829
reliefF,19,smote,0.7980769,0.7323944,52,19,23,114,0.6933333,0.8571429,0.7123288,0.7752381,0.8543969,0.0484251
surf,29,smote,0.7884615,0.6962025,55,24,20,109,0.7333333,0.8195489,0.7142857,0.7764411,0.8508616,0.0312402
multisurf,29,smote,0.7980769,0.7200000,54,21,21,112,0.7200000,0.8421053,0.7200000,0.7810526,0.8628936,0.0340829
