Selection Method,n_features,accuracy,precision,TP,FP,FN,TN,sensitivity,specificity,f1,auc_test,auc_cv,std_auc_cv
f_test,27,0.7211538,0.6976744,30,13,45,120,0.4000000,0.9022556,0.5084746,0.6511278,0.8430481,0.0356199
mutual_info,29,0.7403846,0.7234043,34,13,41,120,0.4533333,0.9022556,0.5573770,0.6777945,0.8455734,0.0327446
reliefF,22,0.7355769,0.7083333,34,14,41,119,0.4533333,0.8947368,0.5528455,0.6740351,0.8491682,0.0346852
surf,9,0.7115385,0.6595745,31,16,44,117,0.4133333,0.8796992,0.5081967,0.6465163,0.8455734,0.0147527
multisurf,26,0.7259615,0.6730769,35,17,40,116,0.4666667,0.8721805,0.5511811,0.6694236,0.8374034,0.0432870
