Selection Method,n_features,accuracy,precision,TP,FP,FN,TN,sensitivity,specificity,f1,auc_test,auc_cv,std_auc_cv
f_test,20,0.7355769,0.7272727,32,12,43,121,0.4266667,0.9097744,0.5378151,0.6682206,0.8076649,0.0295029
mutual_info,22,0.7500000,0.7674419,33,10,42,123,0.4400000,0.9248120,0.5593220,0.6824060,0.7959002,0.0361979
reliefF,15,0.7259615,0.7045455,31,13,44,120,0.4133333,0.9022556,0.5210084,0.6577945,0.8016043,0.0409763
surf,18,0.7451923,0.7291667,35,13,40,120,0.4666667,0.9022556,0.5691057,0.6844612,0.8047237,0.0284904
multisurf,20,0.7355769,0.7380952,31,11,44,122,0.4133333,0.9172932,0.5299145,0.6653133,0.8106061,0.0287286
