Selection Method,n_features,accuracy,precision,TP,FP,FN,TN,sensitivity,specificity,f1,auc_test,auc_cv,std_auc_cv
f_test,26,0.7355769,0.6851852,37,17,38,116,0.4933333,0.8721805,0.5736434,0.6827569,0.8595068,0.0257060
mutual_info,28,0.7500000,0.7254902,37,14,38,119,0.4933333,0.8947368,0.5873016,0.6940351,0.8566548,0.0355373
reliefF,14,0.6826923,0.5737705,35,26,40,107,0.4666667,0.8045113,0.5147059,0.6355890,0.8394236,0.0482040
surf,22,0.7403846,0.6981132,37,16,38,117,0.4933333,0.8796992,0.5781250,0.6865163,0.8533868,0.0279039
multisurf,20,0.7355769,0.7000000,35,15,40,118,0.4666667,0.8872180,0.5600000,0.6769424,0.8533868,0.0279039
