Selection Method,n_features,balancing,accuracy,precision,TP,FP,FN,TN,sensitivity,specificity,f1,auc_test,auc_cv,std_auc_cv
f_test,13,adasyn,0.6394231,0.5000000,41,41,34,92,0.5466667,0.6917293,0.5222930,0.6191980,0.7517231,0.0305409
mutual_info,9,smote,0.6442308,0.5066667,38,37,37,96,0.5066667,0.7218045,0.5066667,0.6142356,0.7743018,0.0560838
reliefF,14,kmeans_smote,0.6394231,0.5000000,32,32,43,101,0.4266667,0.7593985,0.4604317,0.5930326,0.7477124,0.0388359
surf,12,borderline_smote,0.6153846,0.4615385,30,35,45,98,0.4000000,0.7368421,0.4285714,0.5684211,0.7426322,0.0532754
multisurf,15,smote,0.6778846,0.5625000,36,28,39,105,0.4800000,0.7894737,0.5179856,0.6347368,0.7592989,0.0530573
