Selection Method,n_features,balancing,accuracy,precision,TP,FP,FN,TN,sensitivity,specificity,f1,auc_test,auc_cv,std_auc_cv
f_test,7,smote,0.7163462,0.6481481,35,19,40,114,0.4666667,0.8571429,0.5426357,0.6619048,0.8237968,0.0423980
mutual_info,8,smote,0.6923077,0.5901639,36,25,39,108,0.4800000,0.8120301,0.5294118,0.6460150,0.8187463,0.0191937
reliefF,8,smote,0.7019231,0.6181818,34,21,41,112,0.4533333,0.8421053,0.5230769,0.6477193,0.8221034,0.0302314
surf,7,smote,0.7019231,0.6065574,37,24,38,109,0.4933333,0.8195489,0.5441176,0.6564411,0.8213310,0.0214578
multisurf,6,smote,0.7067308,0.6346154,33,19,42,114,0.4400000,0.8571429,0.5196850,0.6485714,0.8241236,0.0355153
