Selection Method,n_features,accuracy,precision,TP,FP,FN,TN,sensitivity,specificity,f1,auc_test,auc_cv,std_auc_cv
f_test,16,0.6634615,0.5490196,28,23,47,110,0.3733333,0.8270677,0.4444444,0.6002005,0.7309863,0.0821629
mutual_info,9,0.6826923,0.5849057,31,22,44,111,0.4133333,0.8345865,0.4843750,0.6239599,0.7187166,0.0670617
reliefF,6,0.6971154,0.6111111,33,21,42,112,0.4400000,0.8421053,0.5116279,0.6410526,0.7183898,0.0522399
surf,13,0.6923077,0.6000000,33,22,42,111,0.4400000,0.8345865,0.5076923,0.6372932,0.7169340,0.0639258
multisurf,6,0.6778846,0.5740741,31,23,44,110,0.4133333,0.8270677,0.4806202,0.6202005,0.7129234,0.0635650
