Selection Method,n_features,accuracy,precision,TP,FP,FN,TN,sensitivity,specificity,f1,auc_test,auc_cv,std_auc_cv
f_test,15,0.6682692,0.5535714,31,25,44,108,0.4133333,0.8120301,0.4732824,0.6126817,0.7424242,0.0652757
mutual_info,13,0.6682692,0.5576923,29,23,46,110,0.3866667,0.8270677,0.4566929,0.6068672,0.7521687,0.0654192
reliefF,16,0.6634615,0.5454545,30,25,45,108,0.4000000,0.8120301,0.4615385,0.6060150,0.7489008,0.0776700
surf,13,0.7019231,0.6101695,36,23,39,110,0.4800000,0.8270677,0.5373134,0.6535338,0.7453654,0.0948407
multisurf,14,0.6971154,0.6153846,32,20,43,113,0.4266667,0.8496241,0.5039370,0.6381454,0.7456922,0.0677900
