Selection Method,n_features,balancing,accuracy,precision,TP,FP,FN,TN,sensitivity,specificity,f1,auc_test,auc_cv,std_auc_cv
f_test,15,smote,0.6490385,0.5119048,43,41,32,92,0.5733333,0.6917293,0.5408805,0.6325313,0.7392454,0.0470944
mutual_info,12,smote,0.6538462,0.5180723,43,40,32,93,0.5733333,0.6992481,0.5443038,0.6362907,0.7571598,0.0300988
reliefF,10,smote,0.6682692,0.5384615,42,36,33,97,0.5600000,0.7293233,0.5490196,0.6446617,0.7565062,0.0540570
surf,15,smote,0.6538462,0.5185185,42,39,33,94,0.5600000,0.7067669,0.5384615,0.6333835,0.7630719,0.0309563
multisurf,10,smote,0.6682692,0.5365854,44,38,31,95,0.5866667,0.7142857,0.5605096,0.6504762,0.7560903,0.0342700
