Selection Method,n_features,accuracy,precision,TP,FP,FN,TN,sensitivity,specificity,f1,auc_test,auc_cv,std_auc_cv
f_test,26,0.7211538,0.6491228,37,20,38,113,0.4933333,0.8496241,0.5606061,0.6714787,0.8417706,0.0608039
mutual_info,27,0.7596154,0.7659574,36,11,39,122,0.4800000,0.9172932,0.5901639,0.6986466,0.8361557,0.0589850
reliefF,28,0.7596154,0.7450980,38,13,37,120,0.5066667,0.9022556,0.6031746,0.7044612,0.8484848,0.0665931
surf,29,0.7307692,0.6938776,34,15,41,118,0.4533333,0.8872180,0.5483871,0.6702757,0.8370469,0.0477800
multisurf,20,0.7692308,0.7647059,39,12,36,121,0.5200000,0.9097744,0.6190476,0.7148872,0.8394236,0.0351850
