Selection Method,n_features,accuracy,precision,TP,FP,FN,TN,sensitivity,specificity,f1,auc_test,auc_cv,std_auc_cv
f_test,22,0.8076923,0.7464789,53,18,22,115,0.7066667,0.8646617,0.7260274,0.7856642,0.8659834,0.0116151
mutual_info,26,0.7836538,0.7083333,51,21,24,112,0.6800000,0.8421053,0.6938776,0.7610526,0.8599228,0.0272380
reliefF,25,0.7932692,0.7222222,52,20,23,113,0.6933333,0.8496241,0.7074830,0.7714787,0.8630422,0.0273776
surf,22,0.7884615,0.7183099,51,20,24,113,0.6800000,0.8496241,0.6986301,0.7648120,0.8659834,0.0215686
multisurf,24,0.7692308,0.6901408,49,22,26,111,0.6533333,0.8345865,0.6712329,0.7439599,0.8516043,0.0327011
