Selection Method,n_features,accuracy,precision,TP,FP,FN,TN,sensitivity,specificity,f1,auc_test,auc_cv,std_auc_cv
f_test,20,0.7403846,0.7234043,34,13,41,120,0.4533333,0.9022556,0.5573770,0.6777945,0.8480986,0.0289853
mutual_info,22,0.7259615,0.6956522,32,14,43,119,0.4266667,0.8947368,0.5289256,0.6607018,0.8480986,0.0289853
reliefF,20,0.7355769,0.7083333,34,14,41,119,0.4533333,0.8947368,0.5528455,0.6740351,0.8480986,0.0289853
surf,22,0.7403846,0.7142857,35,14,40,119,0.4666667,0.8947368,0.5645161,0.6807018,0.8480986,0.0289853
multisurf,22,0.7259615,0.6956522,32,14,43,119,0.4266667,0.8947368,0.5289256,0.6607018,0.8480986,0.0289853
