Selection Method,n_features,balancing,accuracy,precision,TP,FP,FN,TN,sensitivity,specificity,f1,auc_test,auc_cv,std_auc_cv
f_test,23,smote,0.8076923,0.7611940,51,16,24,117,0.6800000,0.8796992,0.7183099,0.7798496,0.8390969,0.0614381
mutual_info,24,smote,0.8317308,0.8030303,53,13,22,120,0.7066667,0.9022556,0.7517730,0.8044612,0.8478313,0.0549985
reliefF,29,smote,0.8173077,0.8032787,49,12,26,121,0.6533333,0.9097744,0.7205882,0.7815539,0.8450683,0.0554630
surf,24,smote,0.8125000,0.7812500,50,14,25,119,0.6666667,0.8947368,0.7194245,0.7807018,0.8479204,0.0550708
multisurf,23,smote,0.8076923,0.7464789,53,18,22,115,0.7066667,0.8646617,0.7260274,0.7856642,0.8389186,0.0649955
