Selection Method,n_features,balancing,accuracy,precision,TP,FP,FN,TN,sensitivity,specificity,f1,auc_test,auc_cv,std_auc_cv
f_test,17,smote,0.7163462,0.6290323,39,23,36,110,0.5200000,0.8270677,0.5693431,0.6735338,0.8124480,0.0543054
mutual_info,23,smote,0.7692308,0.7368421,42,15,33,118,0.5600000,0.8872180,0.6363636,0.7236090,0.8099228,0.0357017
reliefF,24,smote,0.7259615,0.6551724,38,20,37,113,0.5066667,0.8496241,0.5714286,0.6781454,0.8362151,0.0239719
surf,17,smote,0.7163462,0.6428571,36,20,39,113,0.4800000,0.8496241,0.5496183,0.6648120,0.8126263,0.0294759
multisurf,22,smote,0.6971154,0.6428571,27,15,48,118,0.3600000,0.8872180,0.4615385,0.6236090,0.8242127,0.0550767
