Selection Method,n_features,balancing,accuracy,precision,TP,FP,FN,TN,sensitivity,specificity,f1,auc_test,auc_cv,std_auc_cv
f_test,26,smote,0.8028846,0.7428571,52,18,23,115,0.6933333,0.8646617,0.7172414,0.7789975,0.8332145,0.0313371
mutual_info,15,smote,0.8028846,0.7179487,56,22,19,111,0.7466667,0.8345865,0.7320261,0.7906266,0.8327094,0.0358845
reliefF,26,smote,0.8173077,0.7402597,57,20,18,113,0.7600000,0.8496241,0.7500000,0.8048120,0.8386809,0.0386001
surf,22,smote,0.8076923,0.7272727,56,21,19,112,0.7466667,0.8421053,0.7368421,0.7943860,0.8415330,0.0496912
multisurf,22,smote,0.8028846,0.7428571,52,18,23,115,0.6933333,0.8646617,0.7172414,0.7789975,0.8415330,0.0494428
