Selection Method,n_features,accuracy,precision,TP,FP,FN,TN,sensitivity,specificity,f1,auc_test,auc_cv,std_auc_cv
f_test,25,0.8076923,0.7966102,47,12,28,121,0.6266667,0.9097744,0.7014925,0.7682206,0.8538919,0.0319037
mutual_info,26,0.8269231,0.8305085,49,10,26,123,0.6533333,0.9248120,0.7313433,0.7890727,0.8536542,0.0461867
reliefF,26,0.8317308,0.8448276,49,9,26,124,0.6533333,0.9323308,0.7368421,0.7928321,0.8481878,0.0358407
surf,16,0.8269231,0.8095238,51,12,24,121,0.6800000,0.9097744,0.7391304,0.7948872,0.8540701,0.0427190
multisurf,25,0.7932692,0.7424242,49,17,26,116,0.6533333,0.8721805,0.6950355,0.7627569,0.8454843,0.0462375
