Selection Method,n_features,balancing,accuracy,precision,TP,FP,FN,TN,sensitivity,specificity,f1,auc_test,auc_cv,std_auc_cv
f_test,17,smote,0.7211538,0.6440678,38,21,37,112,0.5066667,0.8421053,0.5671642,0.6743860,0.8394236,0.0440855
mutual_info,23,smote,0.7548077,0.6818182,45,21,30,112,0.6000000,0.8421053,0.6382979,0.7210526,0.8273916,0.0563109
reliefF,18,smote,0.7403846,0.6842105,39,18,36,115,0.5200000,0.8646617,0.5909091,0.6923308,0.8274807,0.0401556
surf,14,smote,0.7500000,0.7254902,37,14,38,119,0.4933333,0.8947368,0.5873016,0.6940351,0.8340463,0.0346891
multisurf,20,smote,0.7500000,0.7090909,39,16,36,117,0.5200000,0.8796992,0.6000000,0.6998496,0.8393642,0.0383719
