Selection Method,n_features,accuracy,precision,TP,FP,FN,TN,sensitivity,specificity,f1,auc_test,auc_cv,std_auc_cv
f_test,5,0.6826923,0.6046512,26,17,49,116,0.3466667,0.8721805,0.4406780,0.6094236,0.7201426,0.0442547
mutual_info,7,0.6634615,0.5471698,29,24,46,109,0.3866667,0.8195489,0.4531250,0.6031078,0.7329471,0.0644047
reliefF,5,0.6875000,0.6000000,30,20,45,113,0.4000000,0.8496241,0.4800000,0.6248120,0.7172906,0.0517998
surf,7,0.6298077,0.4827586,28,30,47,103,0.3733333,0.7744361,0.4210526,0.5738847,0.7218063,0.0622605
multisurf,5,0.6490385,0.5200000,26,24,49,109,0.3466667,0.8195489,0.4160000,0.5831078,0.7226679,0.0515563
