Selection Method,n_features,accuracy,precision,TP,FP,FN,TN,sensitivity,specificity,f1,auc_test,auc_cv,std_auc_cv
f_test,11,0.6250000,0.4705882,24,27,51,106,0.3200000,0.7969925,0.3809524,0.5584962,0.7430778,0.0264555
mutual_info,16,0.6442308,0.5121951,21,20,54,113,0.2800000,0.8496241,0.3620690,0.5648120,0.7257873,0.0694860
reliefF,11,0.6105769,0.4400000,22,28,53,105,0.2933333,0.7894737,0.3520000,0.5414035,0.7325609,0.0458956
surf,11,0.6442308,0.5102041,25,24,50,109,0.3333333,0.8195489,0.4032258,0.5764411,0.7410576,0.0282064
multisurf,5,0.6875000,0.6086957,28,18,47,115,0.3733333,0.8646617,0.4628099,0.6189975,0.7406417,0.0297434
