Selection Method,n_features,accuracy,precision,TP,FP,FN,TN,sensitivity,specificity,f1,auc_test,auc_cv,std_auc_cv
f_test,15,0.4950980,0.3863636,51,81,22,50,0.6986301,0.3816794,0.4975610,0.5401548,0.7484681,0.0308711
mutual_info,11,0.4656863,0.3815789,58,94,15,37,0.7945205,0.2824427,0.5155556,0.5384816,0.7669563,0.0627238
reliefF,15,0.5098039,0.3984962,53,80,20,51,0.7260274,0.3893130,0.5145631,0.5576702,0.7723652,0.0376679
surf,13,0.4656863,0.3831169,59,95,14,36,0.8082192,0.2748092,0.5198238,0.5415142,0.7605169,0.0461185
multisurf,11,0.4558824,0.3750000,57,95,16,36,0.7808219,0.2748092,0.5066667,0.5278155,0.7577596,0.0680403
