Selection Method,n_features,balancing,accuracy,precision,TP,FP,FN,TN,sensitivity,specificity,f1,auc_test,auc_cv,std_auc_cv
f_test,41,smote,0.8076923,0.8181818,45,10,30,123,0.6000000,0.9248120,0.6923077,0.7624060,0.8511884,0.0313045
mutual_info,45,smote,0.7980769,0.8000000,44,11,31,122,0.5866667,0.9172932,0.6769231,0.7519799,0.8601901,0.0298182
reliefF,25,smote,0.8028846,0.8035714,45,11,30,122,0.6000000,0.9172932,0.6870229,0.7586466,0.8455734,0.0370955
surf,46,smote,0.8173077,0.8490566,45,8,30,125,0.6000000,0.9398496,0.7031250,0.7699248,0.8396019,0.0364145
multisurf,26,smote,0.8028846,0.7931034,46,12,29,121,0.6133333,0.9097744,0.6917293,0.7615539,0.8426322,0.0412659
