Selection Method,n_features,balancing,accuracy,precision,TP,FP,FN,TN,sensitivity,specificity,f1,auc_test,auc_cv,std_auc_cv
f_test,22,smote,0.7692308,0.6708861,53,26,22,107,0.7066667,0.8045113,0.6883117,0.7555890,0.8590909,0.0298506
mutual_info,22,smote,0.8269231,0.8095238,51,12,24,121,0.6800000,0.9097744,0.7391304,0.7948872,0.8501188,0.0615557
reliefF,9,smote,0.8221154,0.7638889,55,17,20,116,0.7333333,0.8721805,0.7482993,0.8027569,0.8333928,0.0365736
surf,21,smote,0.7644231,0.6547619,55,29,20,104,0.7333333,0.7819549,0.6918239,0.7576441,0.8684195,0.0409588
multisurf,24,smote,0.7403846,0.6329114,50,29,25,104,0.6666667,0.7819549,0.6493506,0.7243108,0.8503565,0.0579154
