Selection Method,n_features,accuracy,precision,TP,FP,FN,TN,sensitivity,specificity,f1,auc_test,auc_cv,std_auc_cv
f_test,20,0.7884615,0.7384615,48,17,27,116,0.6400000,0.8721805,0.6857143,0.7560902,0.8277481,0.0224176
mutual_info,21,0.7932692,0.7352941,50,18,25,115,0.6666667,0.8646617,0.6993007,0.7656642,0.8190731,0.0415859
reliefF,8,0.7788462,0.7457627,44,15,31,118,0.5866667,0.8872180,0.6567164,0.7369424,0.8304219,0.0253144
surf,15,0.7307692,0.6301370,46,27,29,106,0.6133333,0.7969925,0.6216216,0.7051629,0.8277184,0.0312447
multisurf,14,0.7019231,0.6065574,37,24,38,109,0.4933333,0.8195489,0.5441176,0.6564411,0.8335413,0.0545315
