Selection Method,n_features,balancing,accuracy,precision,TP,FP,FN,TN,sensitivity,specificity,f1,auc_test,auc_cv,std_auc_cv
f_test,22,smote,0.7740385,0.6707317,55,27,20,106,0.7333333,0.7969925,0.7006369,0.7651629,0.8539513,0.0192502
mutual_info,26,smote,0.7548077,0.6395349,55,31,20,102,0.7333333,0.7669173,0.6832298,0.7501253,0.8623589,0.0244817
reliefF,25,smote,0.7548077,0.6395349,55,31,20,102,0.7333333,0.7669173,0.6832298,0.7501253,0.8536839,0.0262116
surf,25,smote,0.7500000,0.6352941,54,31,21,102,0.7200000,0.7669173,0.6750000,0.7434586,0.8624480,0.0215908
multisurf,25,smote,0.7403846,0.6206897,54,33,21,100,0.7200000,0.7518797,0.6666667,0.7359398,0.8741236,0.0357409
