Selection Method,n_features,balancing,accuracy,precision,TP,FP,FN,TN,sensitivity,specificity,f1,auc_test,auc_cv,std_auc_cv
f_test,5,smote,0.6730769,0.5538462,36,29,39,104,0.4800000,0.7819549,0.5142857,0.6309774,0.7500594,0.0288315
mutual_info,4,smote,0.6394231,0.5000000,38,38,37,95,0.5066667,0.7142857,0.5033113,0.6104762,0.7414736,0.0372273
reliefF,5,smote,0.6730769,0.5538462,36,29,39,104,0.4800000,0.7819549,0.5142857,0.6309774,0.7471182,0.0271134
surf,6,smote,0.6634615,0.5324675,41,36,34,97,0.5466667,0.7293233,0.5394737,0.6379950,0.7393642,0.0438778
multisurf,5,smote,0.6250000,0.4800000,36,39,39,94,0.4800000,0.7067669,0.4800000,0.5933835,0.7325609,0.0396052
