Selection Method,n_features,accuracy,precision,TP,FP,FN,TN,sensitivity,specificity,f1,auc_test,auc_cv,std_auc_cv
f_test,24,0.7355769,0.6612903,41,21,34,112,0.5466667,0.8421053,0.5985401,0.6943860,0.8424540,0.0367567
mutual_info,29,0.7692308,0.7288136,43,16,32,117,0.5733333,0.8796992,0.6417910,0.7265163,0.8540404,0.0395309
reliefF,29,0.7355769,0.6666667,40,20,35,113,0.5333333,0.8496241,0.5925926,0.6914787,0.8449792,0.0384808
surf,21,0.7115385,0.6363636,35,20,40,113,0.4666667,0.8496241,0.5384615,0.6581454,0.8422757,0.0465661
multisurf,20,0.7596154,0.7192982,41,16,34,117,0.5466667,0.8796992,0.6212121,0.7131830,0.8571598,0.0281860
