Selection Method,n_features,accuracy,precision,TP,FP,FN,TN,sensitivity,specificity,f1,auc_test,auc_cv,std_auc_cv
f_test,5,0.7019231,0.6181818,34,21,41,112,0.4533333,0.8421053,0.5230769,0.6477193,0.7393048,0.0270231
mutual_info,6,0.7019231,0.6382979,30,17,45,116,0.4000000,0.8721805,0.4918033,0.6360902,0.7165181,0.0578819
reliefF,5,0.6923077,0.5932203,35,24,40,109,0.4666667,0.8195489,0.5223881,0.6431078,0.7361854,0.0303502
surf,6,0.6730769,0.5573770,34,27,41,106,0.4533333,0.7969925,0.5000000,0.6251629,0.7254308,0.0522071
multisurf,6,0.6875000,0.6000000,30,20,45,113,0.4000000,0.8496241,0.4800000,0.6248120,0.7214795,0.0400008
