Selection Method,n_features,balancing,accuracy,precision,TP,FP,FN,TN,sensitivity,specificity,f1,auc_test,auc_cv,std_auc_cv
f_test,18,smote,0.6057692,0.4690265,53,60,22,73,0.7066667,0.5488722,0.5638298,0.6277694,0.6779263,0.0570016
mutual_info,8,smote,0.6490385,0.5156250,33,31,42,102,0.4400000,0.7669173,0.4748201,0.6034586,0.7248960,0.0478110
reliefF,7,smote,0.6826923,0.5652174,39,30,36,103,0.5200000,0.7744361,0.5416667,0.6472180,0.7055556,0.0480477
surf,29,smote,0.7163462,0.6212121,41,25,34,108,0.5466667,0.8120301,0.5815603,0.6793484,0.7086750,0.0337205
multisurf,12,smote,0.7548077,0.7142857,40,16,35,117,0.5333333,0.8796992,0.6106870,0.7065163,0.7080214,0.0669645
