Selection Method,n_features,balancing,accuracy,precision,TP,FP,FN,TN,sensitivity,specificity,f1,auc_test,auc_cv,std_auc_cv
f_test,22,smote,0.7403846,0.6478873,46,25,29,108,0.6133333,0.8120301,0.6301370,0.7126817,0.8418598,0.0273153
mutual_info,21,smote,0.7355769,0.6562500,42,22,33,111,0.5600000,0.8345865,0.6043165,0.6972932,0.8543078,0.0187894
reliefF,22,smote,0.7500000,0.6619718,47,24,28,109,0.6266667,0.8195489,0.6438356,0.7231078,0.8453060,0.0336538
surf,21,smote,0.7355769,0.6612903,41,21,34,112,0.5466667,0.8421053,0.5985401,0.6943860,0.8477421,0.0263174
multisurf,22,smote,0.7451923,0.6571429,46,24,29,109,0.6133333,0.8195489,0.6344828,0.7164411,0.8549614,0.0476563
