Selection Method,n_features,accuracy,precision,TP,FP,FN,TN,sensitivity,specificity,f1,auc_test,auc_cv,std_auc_cv
f_test,20,0.7500000,0.7254902,37,14,38,119,0.4933333,0.8947368,0.5873016,0.6940351,0.8517825,0.0234838
mutual_info,21,0.7644231,0.7166667,43,17,32,116,0.5733333,0.8721805,0.6370370,0.7227569,0.8634581,0.0231688
reliefF,20,0.7644231,0.7407407,40,14,35,119,0.5333333,0.8947368,0.6201550,0.7140351,0.8455734,0.0132472
surf,21,0.7500000,0.6885246,42,19,33,114,0.5600000,0.8571429,0.6176471,0.7085714,0.8550505,0.0341236
multisurf,21,0.7644231,0.7166667,43,17,32,116,0.5733333,0.8721805,0.6370370,0.7227569,0.8634581,0.0231688
