Selection Method,n_features,accuracy,precision,TP,FP,FN,TN,sensitivity,specificity,f1,auc_test,auc_cv,std_auc_cv
f_test,23,0.7788462,0.8222222,37,8,38,125,0.4933333,0.9398496,0.6166667,0.7165915,0.8367499,0.0294182
mutual_info,22,0.8076923,0.8723404,41,6,34,127,0.5466667,0.9548872,0.6721311,0.7507769,0.8573381,0.0061179
reliefF,24,0.7884615,0.8039216,41,10,34,123,0.5466667,0.9248120,0.6507937,0.7357393,0.8341355,0.0253414
surf,24,0.7884615,0.8163265,40,9,35,124,0.5333333,0.9323308,0.6451613,0.7328321,0.8515449,0.0200832
multisurf,24,0.7836538,0.8125000,39,9,36,124,0.5200000,0.9323308,0.6341463,0.7261654,0.8401070,0.0253947
