Selection Method,n_features,accuracy,precision,TP,FP,FN,TN,sensitivity,specificity,f1,auc_test,auc_cv,std_auc_cv
f_test,27,0.7019231,0.6511628,28,15,47,118,0.3733333,0.8872180,0.4745763,0.6302757,0.8305407,0.0764437
mutual_info,15,0.6923077,0.6341463,26,15,49,118,0.3466667,0.8872180,0.4482759,0.6169424,0.8187760,0.0650124
reliefF,22,0.6971154,0.6428571,27,15,48,118,0.3600000,0.8872180,0.4615385,0.6236090,0.8187760,0.0615961
surf,7,0.7451923,0.7291667,35,13,40,120,0.4666667,0.9022556,0.5691057,0.6844612,0.8190137,0.0255570
multisurf,28,0.6971154,0.6428571,27,15,48,118,0.3600000,0.8872180,0.4615385,0.6236090,0.8246583,0.0631539
