Selection Method,n_features,balancing,accuracy,precision,TP,FP,FN,TN,sensitivity,specificity,f1,auc_test,auc_cv,std_auc_cv
f_test,27,smote,0.6730769,0.5538462,36,29,39,104,0.4800000,0.7819549,0.5142857,0.6309774,0.8442959,0.0365317
mutual_info,22,smote,0.7548077,0.6935484,43,19,32,114,0.5733333,0.8571429,0.6277372,0.7152381,0.8305704,0.0362071
reliefF,21,smote,0.7596154,0.6865672,46,21,29,112,0.6133333,0.8421053,0.6478873,0.7277193,0.8392454,0.0206517
surf,28,smote,0.7644231,0.7031250,45,19,30,114,0.6000000,0.8571429,0.6474820,0.7285714,0.8387403,0.0339749
multisurf,12,smote,0.7596154,0.6760563,48,23,27,110,0.6400000,0.8270677,0.6575342,0.7335338,0.8304219,0.0274907
