Selection Method,n_features,balancing,accuracy,precision,TP,FP,FN,TN,sensitivity,specificity,f1,auc_test,auc_cv,std_auc_cv
f_test,27,smote,0.7115385,0.5949367,47,32,28,101,0.6266667,0.7593985,0.6103896,0.6930326,0.8384135,0.0336323
mutual_info,27,smote,0.7307692,0.6301370,46,27,29,106,0.6133333,0.7969925,0.6216216,0.7051629,0.8390671,0.0441084
reliefF,21,smote,0.7548077,0.7000000,42,18,33,115,0.5600000,0.8646617,0.6222222,0.7123308,0.8338681,0.0419287
surf,21,smote,0.7644231,0.7600000,38,12,37,121,0.5066667,0.9097744,0.6080000,0.7082206,0.8195781,0.0349658
multisurf,28,smote,0.7019231,0.6000000,39,26,36,107,0.5200000,0.8045113,0.5571429,0.6622556,0.8272133,0.0456305
