Selection Method,n_features,accuracy,precision,TP,FP,FN,TN,sensitivity,specificity,f1,auc_test,auc_cv,std_auc_cv
f_test,15,0.7211538,0.6349206,40,23,35,110,0.5333333,0.8270677,0.5797101,0.6802005,0.7582294,0.0411245
mutual_info,14,0.7163462,0.6250000,40,24,35,109,0.5333333,0.8195489,0.5755396,0.6764411,0.7441771,0.0511341
reliefF,15,0.7211538,0.6349206,40,23,35,110,0.5333333,0.8270677,0.5797101,0.6802005,0.7582294,0.0411245
surf,14,0.7115385,0.6315789,36,21,39,112,0.4800000,0.8421053,0.5454545,0.6610526,0.7471182,0.0542501
multisurf,14,0.7115385,0.6153846,40,25,35,108,0.5333333,0.8120301,0.5714286,0.6726817,0.7470291,0.0566631
