Selection Method,n_features,balancing,accuracy,precision,TP,FP,FN,TN,sensitivity,specificity,f1,auc_test,auc_cv,std_auc_cv
f_test,9,smote,0.6634615,0.5423729,32,27,43,106,0.4266667,0.7969925,0.4776119,0.6118296,0.6951575,0.1079586
mutual_info,10,smote,0.7307692,0.6727273,37,18,38,115,0.4933333,0.8646617,0.5692308,0.6789975,0.6967023,0.0983461
reliefF,17,smote,0.7740385,0.7500000,42,14,33,119,0.5600000,0.8947368,0.6412214,0.7273684,0.7019014,0.0719263
surf,22,smote,0.6923077,0.6000000,33,22,42,111,0.4400000,0.8345865,0.5076923,0.6372932,0.6918301,0.0422528
multisurf,26,smote,0.7115385,0.6415094,34,19,41,114,0.4533333,0.8571429,0.5312500,0.6552381,0.7226976,0.0485270
