Selection Method,n_features,balancing,accuracy,precision,TP,FP,FN,TN,sensitivity,specificity,f1,auc_test,auc_cv,std_auc_cv
f_test,17,smote,0.6778846,0.5555556,40,32,35,101,0.5333333,0.7593985,0.5442177,0.6463659,0.8304219,0.0264730
mutual_info,29,smote,0.7259615,0.6607143,37,19,38,114,0.4933333,0.8571429,0.5648855,0.6752381,0.8172311,0.0805204
reliefF,14,smote,0.7211538,0.6545455,36,19,39,114,0.4800000,0.8571429,0.5538462,0.6685714,0.8189245,0.0348010
surf,21,smote,0.6875000,0.5781250,37,27,38,106,0.4933333,0.7969925,0.5323741,0.6451629,0.8247772,0.0457606
multisurf,29,smote,0.7115385,0.6086957,42,27,33,106,0.5600000,0.7969925,0.5833333,0.6784962,0.8220143,0.0297082
