Selection Method,n_features,balancing,accuracy,precision,TP,FP,FN,TN,sensitivity,specificity,f1,auc_test,auc_cv,std_auc_cv
f_test,17,smote,0.7451923,0.6964286,39,17,36,116,0.5200000,0.8721805,0.5954198,0.6960902,0.8450683,0.0368972
mutual_info,12,smote,0.7692308,0.7454545,41,14,34,119,0.5466667,0.8947368,0.6307692,0.7207018,0.8453951,0.0402563
reliefF,22,smote,0.7644231,0.7321429,41,15,34,118,0.5466667,0.8872180,0.6259542,0.7169424,0.8425431,0.0373451
surf,21,smote,0.7500000,0.7017544,40,17,35,116,0.5333333,0.8721805,0.6060606,0.7027569,0.8453951,0.0337734
multisurf,9,smote,0.7355769,0.7000000,35,15,40,118,0.4666667,0.8872180,0.5600000,0.6769424,0.8453060,0.0289122
