Selection Method,n_features,accuracy,precision,TP,FP,FN,TN,sensitivity,specificity,f1,auc_test,auc_cv,std_auc_cv
f_test,22,0.6923077,0.5901639,36,25,39,108,0.4800000,0.8120301,0.5294118,0.6460150,0.7349970,0.0810430
mutual_info,22,0.6971154,0.6034483,35,23,40,110,0.4666667,0.8270677,0.5263158,0.6468672,0.7493761,0.0747445
reliefF,22,0.6826923,0.5714286,36,27,39,106,0.4800000,0.7969925,0.5217391,0.6384962,0.7316399,0.0431389
surf,20,0.7067308,0.6296296,34,20,41,113,0.4533333,0.8496241,0.5271318,0.6514787,0.7201426,0.0324266
multisurf,22,0.6971154,0.6034483,35,23,40,110,0.4666667,0.8270677,0.5263158,0.6468672,0.7404635,0.0790913
