Selection Method,n_features,balancing,accuracy,precision,TP,FP,FN,TN,sensitivity,specificity,f1,auc_test,auc_cv,std_auc_cv
f_test,29,smote,0.7548077,0.6463415,53,29,22,104,0.7066667,0.7819549,0.6751592,0.7443108,0.8663102,0.0224574
mutual_info,29,smote,0.7451923,0.6375000,51,29,24,104,0.6800000,0.7819549,0.6580645,0.7309774,0.8748069,0.0331203
reliefF,29,smote,0.7548077,0.6463415,53,29,22,104,0.7066667,0.7819549,0.6751592,0.7443108,0.8692513,0.0251656
surf,29,smote,0.7644231,0.6585366,54,28,21,105,0.7200000,0.7894737,0.6878981,0.7547368,0.8751337,0.0331491
multisurf,29,smote,0.7451923,0.6375000,51,29,24,104,0.6800000,0.7819549,0.6580645,0.7309774,0.8748069,0.0331203
