Selection Method,n_features,accuracy,precision,TP,FP,FN,TN,sensitivity,specificity,f1,auc_test,auc_cv,std_auc_cv
f_test,19,0.7740385,0.7258065,45,17,30,116,0.6000000,0.8721805,0.6569343,0.7360902,0.8514260,0.0443378
mutual_info,13,0.7788462,0.7042254,50,21,25,112,0.6666667,0.8421053,0.6849315,0.7543860,0.8422757,0.0450817
reliefF,18,0.7740385,0.6891892,51,23,24,110,0.6800000,0.8270677,0.6845638,0.7535338,0.8480689,0.0322474
surf,12,0.7692308,0.7076923,46,19,29,114,0.6133333,0.8571429,0.6571429,0.7352381,0.8571598,0.0279055
multisurf,16,0.7884615,0.7123288,52,21,23,112,0.6933333,0.8421053,0.7027027,0.7677193,0.8572193,0.0617420
