Selection Method,n_features,accuracy,precision,TP,FP,FN,TN,sensitivity,specificity,f1,auc_test,auc_cv,std_auc_cv
f_test,18,0.8365385,0.8596491,49,8,26,125,0.6533333,0.9398496,0.7424242,0.7965915,0.8337195,0.0160143
mutual_info,12,0.8365385,0.8727273,48,7,27,126,0.6400000,0.9473684,0.7384615,0.7936842,0.8307784,0.0095649
reliefF,22,0.8365385,0.8596491,49,8,26,125,0.6533333,0.9398496,0.7424242,0.7965915,0.8337195,0.0227151
surf,17,0.8317308,0.8571429,48,8,27,125,0.6400000,0.9398496,0.7328244,0.7899248,0.8425431,0.0173651
multisurf,17,0.8365385,0.8727273,48,7,27,126,0.6400000,0.9473684,0.7384615,0.7936842,0.8425431,0.0217843
