Selection Method,n_features,balancing,accuracy,precision,TP,FP,FN,TN,sensitivity,specificity,f1,auc_test,auc_cv,std_auc_cv
f_test,27,smote,0.7980769,0.7391304,51,18,24,115,0.6800000,0.8646617,0.7083333,0.7723308,0.8462270,0.0340852
mutual_info,29,smote,0.8221154,0.7794118,53,15,22,118,0.7066667,0.8872180,0.7412587,0.7969424,0.8456625,0.0237130
reliefF,27,smote,0.8125000,0.7727273,51,15,24,118,0.6800000,0.8872180,0.7234043,0.7836090,0.8521985,0.0426578
surf,29,smote,0.7644231,0.6805556,49,23,26,110,0.6533333,0.8270677,0.6666667,0.7402005,0.8461378,0.0498857
multisurf,29,smote,0.8221154,0.8064516,50,12,25,121,0.6666667,0.9097744,0.7299270,0.7882206,0.8459893,0.0232236
