Selection Method,n_features,balancing,accuracy,precision,TP,FP,FN,TN,sensitivity,specificity,f1,auc_test,auc_cv,std_auc_cv
f_test,22,smote,0.7355769,0.6666667,40,20,35,113,0.5333333,0.8496241,0.5925926,0.6914787,0.8431075,0.0457724
mutual_info,22,smote,0.7211538,0.6307692,41,24,34,109,0.5466667,0.8195489,0.5857143,0.6831078,0.8343731,0.0528737
reliefF,19,smote,0.7451923,0.6774194,42,20,33,113,0.5600000,0.8496241,0.6131387,0.7048120,0.8453951,0.0335038
surf,13,smote,0.7692308,0.7213115,44,17,31,116,0.5866667,0.8721805,0.6470588,0.7294236,0.8281343,0.0332839
multisurf,22,smote,0.7211538,0.6440678,38,21,37,112,0.5066667,0.8421053,0.5671642,0.6743860,0.8402555,0.0435662
