Selection Method,n_features,accuracy,precision,TP,FP,FN,TN,sensitivity,specificity,f1,auc_test,auc_cv,std_auc_cv
f_test,3,0.6538462,0.5217391,36,33,39,100,0.4800000,0.7518797,0.5000000,0.6159398,0.7240642,0.0495294
mutual_info,11,0.6538462,0.5217391,36,33,39,100,0.4800000,0.7518797,0.5000000,0.6159398,0.7240642,0.0495294
reliefF,16,0.7019231,0.6511628,28,15,47,118,0.3733333,0.8872180,0.4745763,0.6302757,0.7255199,0.0673611
surf,4,0.6778846,0.5769231,30,22,45,111,0.4000000,0.8345865,0.4724409,0.6172932,0.7253417,0.0227981
multisurf,11,0.6538462,0.5217391,36,33,39,100,0.4800000,0.7518797,0.5000000,0.6159398,0.7240642,0.0495294
