Selection Method,n_features,balancing,accuracy,precision,TP,FP,FN,TN,sensitivity,specificity,f1,auc_test,auc_cv,std_auc_cv
f_test,6,smote,0.6875000,0.5781250,37,27,38,106,0.4933333,0.7969925,0.5323741,0.6451629,0.7593880,0.0519354
mutual_info,7,smote,0.7115385,0.6190476,39,24,36,109,0.5200000,0.8195489,0.5652174,0.6697744,0.7472074,0.0633834
reliefF,7,adasyn,0.6971154,0.5750000,46,34,29,99,0.6133333,0.7443609,0.5935484,0.6788471,0.7498812,0.0377088
surf,7,adasyn,0.6971154,0.5769231,45,33,30,100,0.6000000,0.7518797,0.5882353,0.6759398,0.7586156,0.0424961
multisurf,7,smote,0.7163462,0.6176471,42,26,33,107,0.5600000,0.8045113,0.5874126,0.6822556,0.7674688,0.0553356
