Selection Method,n_features,balancing,accuracy,precision,TP,FP,FN,TN,sensitivity,specificity,f1,auc_test,auc_cv,std_auc_cv
f_test,25,smote,0.8173077,0.7341772,58,21,17,112,0.7733333,0.8421053,0.7532468,0.8077193,0.8505348,0.0224532
mutual_info,11,smote,0.7980769,0.7088608,56,23,19,110,0.7466667,0.8270677,0.7272727,0.7868672,0.8420974,0.0338103
reliefF,16,smote,0.8076923,0.7397260,54,19,21,114,0.7200000,0.8571429,0.7297297,0.7885714,0.8535354,0.0373965
surf,20,smote,0.8317308,0.7702703,57,17,18,116,0.7600000,0.8721805,0.7651007,0.8160902,0.8505051,0.0174512
multisurf,10,smote,0.7836538,0.6829268,56,26,19,107,0.7466667,0.8045113,0.7133758,0.7755890,0.8390077,0.0242920
