Selection Method,n_features,balancing,accuracy,precision,TP,FP,FN,TN,sensitivity,specificity,f1,auc_test,auc_cv,std_auc_cv
f_test,18,smote,0.6923077,0.6341463,26,15,49,118,0.3466667,0.8872180,0.4482759,0.6169424,0.8321153,0.0564221
mutual_info,13,smote,0.6971154,0.5652174,52,40,23,93,0.6933333,0.6992481,0.6227545,0.6962907,0.8126857,0.0343391
reliefF,23,smote,0.7500000,0.7446809,35,12,40,121,0.4666667,0.9097744,0.5737705,0.6882206,0.8311646,0.0209827
surf,24,smote,0.7115385,0.6470588,33,18,42,115,0.4400000,0.8646617,0.5238095,0.6523308,0.8223411,0.0316921
multisurf,26,smote,0.6730769,0.5421687,45,38,30,95,0.6000000,0.7142857,0.5696203,0.6571429,0.8300951,0.0456899
