Selection Method,n_features,accuracy,precision,TP,FP,FN,TN,sensitivity,specificity,f1,auc_test,auc_cv,std_auc_cv
f_test,26,0.8221154,0.8392857,47,9,28,124,0.6266667,0.9323308,0.7175573,0.7794987,0.8514557,0.0464446
mutual_info,19,0.8269231,0.8196721,50,11,25,122,0.6666667,0.9172932,0.7352941,0.7919799,0.8511289,0.0444214
reliefF,25,0.8269231,0.8305085,49,10,26,123,0.6533333,0.9248120,0.7313433,0.7890727,0.8485146,0.0407914
surf,28,0.8076923,0.8070175,46,11,29,122,0.6133333,0.9172932,0.6969697,0.7653133,0.8424540,0.0222867
multisurf,19,0.8269231,0.8095238,51,12,24,121,0.6800000,0.9097744,0.7391304,0.7948872,0.8423054,0.0361439
