Selection Method,n_features,accuracy,precision,TP,FP,FN,TN,sensitivity,specificity,f1,auc_test,auc_cv,std_auc_cv
f_test,16,0.7307692,0.7317073,30,11,45,122,0.4000000,0.9172932,0.5172414,0.6586466,0.8190137,0.0303835
mutual_info,28,0.7403846,0.8181818,27,6,48,127,0.3600000,0.9548872,0.5000000,0.6574436,0.7958111,0.0385522
reliefF,13,0.7307692,0.7435897,29,10,46,123,0.3866667,0.9248120,0.5087719,0.6557393,0.8046346,0.0253621
surf,15,0.7211538,0.7428571,26,9,49,124,0.3466667,0.9323308,0.4727273,0.6394987,0.7964052,0.0672250
multisurf,15,0.7500000,0.7804878,32,9,43,124,0.4266667,0.9323308,0.5517241,0.6794987,0.8253119,0.0407407
