Selection Method,n_features,balancing,accuracy,precision,TP,FP,FN,TN,sensitivity,specificity,f1,auc_test,auc_cv,std_auc_cv
f_test,29,smote,0.7115385,0.6027397,44,29,31,104,0.5866667,0.7819549,0.5945946,0.6843108,0.8563874,0.0540852
mutual_info,21,smote,0.7692308,0.7076923,46,19,29,114,0.6133333,0.8571429,0.6571429,0.7352381,0.8573975,0.0345680
reliefF,27,smote,0.7259615,0.6323529,43,25,32,108,0.5733333,0.8120301,0.6013986,0.6926817,0.8620321,0.0426819
surf,28,smote,0.7500000,0.6666667,46,23,29,110,0.6133333,0.8270677,0.6388889,0.7202005,0.8538622,0.0521785
multisurf,14,smote,0.7548077,0.6714286,47,23,28,110,0.6266667,0.8270677,0.6482759,0.7268672,0.8418598,0.0295879
