Selection Method,n_features,accuracy,precision,TP,FP,FN,TN,sensitivity,specificity,f1,auc_test,auc_cv,std_auc_cv
f_test,11,0.6862745,0.5671642,38,29,35,102,0.5205479,0.7786260,0.5428571,0.6495869,0.7423240,0.0512679
mutual_info,11,0.7009804,0.5967742,37,25,36,106,0.5068493,0.8091603,0.5481481,0.6580048,0.7723763,0.0461591
reliefF,13,0.6372549,0.4920635,31,32,42,99,0.4246575,0.7557252,0.4558824,0.5901914,0.7516990,0.0513099
surf,9,0.6274510,0.4800000,36,39,37,92,0.4931507,0.7022901,0.4864865,0.5977204,0.7563837,0.0550923
multisurf,14,0.6813725,0.5645161,35,27,38,104,0.4794521,0.7938931,0.5185185,0.6366726,0.7493928,0.0462719
