Selection Method,n_features,balancing,accuracy,precision,TP,FP,FN,TN,sensitivity,specificity,f1,auc_test,auc_cv,std_auc_cv
f_test,9,kmeans_smote,0.7019231,0.6101695,36,23,39,110,0.4800000,0.8270677,0.5373134,0.6535338,0.7567142,0.0677802
mutual_info,7,kmeans_smote,0.6875000,0.5757576,38,28,37,105,0.5066667,0.7894737,0.5390071,0.6480702,0.7504159,0.0294712
reliefF,9,kmeans_smote,0.6971154,0.6034483,35,23,40,110,0.4666667,0.8270677,0.5263158,0.6468672,0.7567142,0.0677802
surf,11,kmeans_smote,0.7115385,0.6153846,40,25,35,108,0.5333333,0.8120301,0.5714286,0.6726817,0.7658645,0.0376507
multisurf,12,smote,0.7067308,0.6093750,39,25,36,108,0.5200000,0.8120301,0.5611511,0.6660150,0.7438800,0.0562925
