Selection Method,n_features,accuracy,precision,TP,FP,FN,TN,sensitivity,specificity,f1,auc_test,auc_cv,std_auc_cv
f_test,11,0.6923077,0.6571429,23,12,52,121,0.3066667,0.9097744,0.4181818,0.6082206,0.7545455,0.0536261
mutual_info,11,0.6971154,0.6666667,24,12,51,121,0.3200000,0.9097744,0.4324324,0.6148872,0.7491087,0.0444312
reliefF,11,0.7019231,0.6756757,25,12,50,121,0.3333333,0.9097744,0.4464286,0.6215539,0.7488414,0.0487398
surf,11,0.6875000,0.6785714,19,9,56,124,0.2533333,0.9323308,0.3689320,0.5928321,0.7579323,0.0478091
multisurf,11,0.6875000,0.6785714,19,9,56,124,0.2533333,0.9323308,0.3689320,0.5928321,0.7579323,0.0478091
