Selection Method,n_features,balancing,accuracy,precision,TP,FP,FN,TN,sensitivity,specificity,f1,auc_test,auc_cv,std_auc_cv
f_test,21,kmeans_smote,0.7500000,0.6575342,48,25,27,108,0.6400000,0.8120301,0.6486486,0.7260150,0.8245395,0.0143980
mutual_info,23,kmeans_smote,0.6826923,0.5529412,47,38,28,95,0.6266667,0.7142857,0.5875000,0.6704762,0.8394236,0.0227487
reliefF,22,kmeans_smote,0.7403846,0.6478873,46,25,29,108,0.6133333,0.8120301,0.6301370,0.7126817,0.8346108,0.0473587
surf,13,smote,0.7403846,0.6567164,44,23,31,110,0.5866667,0.8270677,0.6197183,0.7068672,0.8356506,0.0291505
multisurf,20,kmeans_smote,0.7548077,0.6935484,43,19,32,114,0.5733333,0.8571429,0.6277372,0.7152381,0.8406120,0.0544252
