Selection Method,n_features,accuracy,precision,TP,FP,FN,TN,sensitivity,specificity,f1,auc_test,auc_cv,std_auc_cv
f_test,6,0.6778846,0.5769231,30,22,45,111,0.4000000,0.8345865,0.4724409,0.6172932,0.7283125,0.0576046
mutual_info,8,0.6586538,0.5384615,28,24,47,109,0.3733333,0.8195489,0.4409449,0.5964411,0.7166964,0.0624601
reliefF,5,0.6826923,0.5957447,28,19,47,114,0.3733333,0.8571429,0.4590164,0.6152381,0.7284017,0.0692282
surf,8,0.6682692,0.5517241,32,26,43,107,0.4266667,0.8045113,0.4812030,0.6155890,0.7162805,0.0571834
multisurf,8,0.6586538,0.5384615,28,24,47,109,0.3733333,0.8195489,0.4409449,0.5964411,0.7221628,0.0642251
