Selection Method,n_features,accuracy,precision,TP,FP,FN,TN,sensitivity,specificity,f1,auc_test,auc_cv,std_auc_cv
f_test,5,0.6394231,0.5000000,22,22,53,111,0.2933333,0.8345865,0.3697479,0.5639599,0.7367796,0.0872268
mutual_info,3,0.7019231,0.6226415,33,20,42,113,0.4400000,0.8496241,0.5156250,0.6448120,0.7512478,0.0359462
reliefF,7,0.7019231,0.6181818,34,21,41,112,0.4533333,0.8421053,0.5230769,0.6477193,0.7395425,0.0710832
surf,12,0.7596154,0.7118644,42,17,33,116,0.5600000,0.8721805,0.6268657,0.7160902,0.7286988,0.0747784
multisurf,12,0.7403846,0.6721311,41,20,34,113,0.5466667,0.8496241,0.6029412,0.6981454,0.7336007,0.0322564
