Selection Method,n_features,accuracy,precision,TP,FP,FN,TN,sensitivity,specificity,f1,auc_test,auc_cv,std_auc_cv
f_test,27,0.7307692,0.7209302,31,12,44,121,0.4133333,0.9097744,0.5254237,0.6615539,0.8341355,0.0386879
mutual_info,26,0.7211538,0.6603774,35,18,40,115,0.4666667,0.8646617,0.5468750,0.6656642,0.8394236,0.0227970
reliefF,22,0.7451923,0.7115385,37,15,38,118,0.4933333,0.8872180,0.5826772,0.6902757,0.8392751,0.0376927
surf,19,0.7307692,0.6862745,35,16,40,117,0.4666667,0.8796992,0.5555556,0.6731830,0.8341355,0.0233495
multisurf,29,0.7596154,0.7659574,36,11,39,122,0.4800000,0.9172932,0.5901639,0.6986466,0.8403446,0.0402605
