Selection Method,n_features,accuracy,precision,TP,FP,FN,TN,sensitivity,specificity,f1,auc_test,auc_cv,std_auc_cv
f_test,16,0.7307692,0.7435897,29,10,46,123,0.3866667,0.9248120,0.5087719,0.6557393,0.8252228,0.0357534
mutual_info,27,0.7355769,0.7777778,28,8,47,125,0.3733333,0.9398496,0.5045045,0.6565915,0.8195187,0.0362472
reliefF,14,0.7211538,0.7297297,27,10,48,123,0.3600000,0.9248120,0.4821429,0.6424060,0.7963161,0.0553973
surf,14,0.7403846,0.7692308,30,9,45,124,0.4000000,0.9323308,0.5263158,0.6661654,0.8047237,0.0510014
multisurf,10,0.7451923,0.7619048,32,10,43,123,0.4266667,0.9248120,0.5470085,0.6757393,0.8248069,0.0419547
