Selection Method,n_features,balancing,accuracy,precision,TP,FP,FN,TN,sensitivity,specificity,f1,auc_test,auc_cv,std_auc_cv
f_test,29,smote,0.7644231,0.6857143,48,22,27,111,0.6400000,0.8345865,0.6620690,0.7372932,0.8531194,0.0472342
mutual_info,21,smote,0.7644231,0.6969697,46,20,29,113,0.6133333,0.8496241,0.6524823,0.7314787,0.8444742,0.0334706
reliefF,19,smote,0.7211538,0.6268657,42,25,33,108,0.5600000,0.8120301,0.5915493,0.6860150,0.8420083,0.0563544
surf,21,smote,0.7403846,0.6721311,41,20,34,113,0.5466667,0.8496241,0.6029412,0.6981454,0.8440582,0.0279717
multisurf,11,smote,0.7355769,0.6388889,46,26,29,107,0.6133333,0.8045113,0.6258503,0.7089223,0.8359774,0.0409194
