Selection Method,n_features,balancing,accuracy,precision,TP,FP,FN,TN,sensitivity,specificity,f1,auc_test,auc_cv,std_auc_cv
f_test,18,smote,0.7548077,0.6935484,43,19,32,114,0.5733333,0.8571429,0.6277372,0.7152381,0.8563280,0.0496024
mutual_info,29,smote,0.7884615,0.7384615,48,17,27,116,0.6400000,0.8721805,0.6857143,0.7560902,0.8534759,0.0396802
reliefF,28,smote,0.7500000,0.6885246,42,19,33,114,0.5600000,0.8571429,0.6176471,0.7085714,0.8538027,0.0394419
surf,14,smote,0.7403846,0.6615385,43,22,32,111,0.5733333,0.8345865,0.6142857,0.7039599,0.8566548,0.0368106
multisurf,28,smote,0.7644231,0.6911765,47,21,28,112,0.6266667,0.8421053,0.6573427,0.7343860,0.8482472,0.0330248
