Selection Method,n_features,accuracy,precision,TP,FP,FN,TN,sensitivity,specificity,f1,auc_test,auc_cv,std_auc_cv
f_test,40,0.7355769,0.6785714,38,18,37,115,0.5066667,0.8646617,0.5801527,0.6856642,0.8803624,0.0338182
mutual_info,48,0.7403846,0.6615385,43,22,32,111,0.5733333,0.8345865,0.6142857,0.7039599,0.8720440,0.0169055
reliefF,48,0.7307692,0.6727273,37,18,38,115,0.4933333,0.8646617,0.5692308,0.6789975,0.8806001,0.0286978
surf,49,0.7500000,0.7169811,38,15,37,118,0.5066667,0.8872180,0.5937500,0.6969424,0.8720440,0.0278057
multisurf,49,0.7500000,0.7090909,39,16,36,117,0.5200000,0.8796992,0.6000000,0.6998496,0.8863339,0.0341868
