Selection Method,n_features,accuracy,precision,TP,FP,FN,TN,sensitivity,specificity,f1,auc_test,auc_cv,std_auc_cv
f_test,13,0.6778846,0.5740741,31,23,44,110,0.4133333,0.8270677,0.4806202,0.6202005,0.7197267,0.0844039
mutual_info,10,0.6875000,0.5961538,31,21,44,112,0.4133333,0.8421053,0.4881890,0.6277193,0.7225787,0.0775803
reliefF,15,0.6875000,0.5961538,31,21,44,112,0.4133333,0.8421053,0.4881890,0.6277193,0.7256090,0.0800469
surf,15,0.6875000,0.5961538,31,21,44,112,0.4133333,0.8421053,0.4881890,0.6277193,0.7225787,0.0805939
multisurf,14,0.6826923,0.5849057,31,22,44,111,0.4133333,0.8345865,0.4843750,0.6239599,0.7197267,0.0844039
