Selection Method,n_features,accuracy,precision,TP,FP,FN,TN,sensitivity,specificity,f1,auc_test,auc_cv,std_auc_cv
f_test,6,0.7115385,0.6530612,32,17,43,116,0.4266667,0.8721805,0.5161290,0.6494236,0.7288770,0.0373297
mutual_info,8,0.6826923,0.5849057,31,22,44,111,0.4133333,0.8345865,0.4843750,0.6239599,0.7225787,0.0292884
reliefF,6,0.7163462,0.6379310,37,21,38,112,0.4933333,0.8421053,0.5563910,0.6677193,0.7255199,0.0218182
surf,8,0.7115385,0.6595745,31,16,44,117,0.4133333,0.8796992,0.5081967,0.6465163,0.7203803,0.0769138
multisurf,8,0.6971154,0.6304348,29,17,46,116,0.3866667,0.8721805,0.4793388,0.6294236,0.7262626,0.0714495
