Selection Method,n_features,balancing,accuracy,precision,TP,FP,FN,TN,sensitivity,specificity,f1,auc_test,auc_cv,std_auc_cv
f_test,8,adasyn,0.6586538,0.5250000,42,38,33,95,0.5600000,0.7142857,0.5419355,0.6371429,0.7504753,0.0439615
mutual_info,5,smote,0.6538462,0.5217391,36,33,39,100,0.4800000,0.7518797,0.5000000,0.6159398,0.7681521,0.0538724
reliefF,8,adasyn,0.6586538,0.5250000,42,38,33,95,0.5600000,0.7142857,0.5419355,0.6371429,0.7504753,0.0439615
surf,8,adasyn,0.6586538,0.5250000,42,38,33,95,0.5600000,0.7142857,0.5419355,0.6371429,0.7613191,0.0404958
multisurf,4,smote,0.6875000,0.5675676,42,32,33,101,0.5600000,0.7593985,0.5637584,0.6596992,0.7588829,0.0514539
