Selection Method,n_features,accuracy,precision,TP,FP,FN,TN,sensitivity,specificity,f1,auc_test,auc_cv,std_auc_cv
f_test,23,0.7596154,0.7049180,43,18,32,115,0.5733333,0.8646617,0.6323529,0.7189975,0.8600119,0.0146111
mutual_info,28,0.7500000,0.6949153,41,18,34,115,0.5466667,0.8646617,0.6119403,0.7056642,0.8273024,0.0313465
reliefF,25,0.7596154,0.7118644,42,17,33,116,0.5600000,0.8721805,0.6268657,0.7160902,0.8423648,0.0206607
surf,17,0.7644231,0.7096774,44,18,31,115,0.5866667,0.8646617,0.6423358,0.7256642,0.8570707,0.0230940
multisurf,29,0.7451923,0.6774194,42,20,33,113,0.5600000,0.8496241,0.6131387,0.7048120,0.8651515,0.0364413
