Selection Method,n_features,balancing,accuracy,precision,TP,FP,FN,TN,sensitivity,specificity,f1,auc_test,auc_cv,std_auc_cv
f_test,23,smote,0.7403846,0.6400000,48,27,27,106,0.6400000,0.7969925,0.6400000,0.7184962,0.8538622,0.0521785
mutual_info,24,smote,0.7451923,0.6410256,50,28,25,105,0.6666667,0.7894737,0.6535948,0.7280702,0.8542781,0.0677116
reliefF,27,smote,0.7019231,0.5844156,45,32,30,101,0.6000000,0.7593985,0.5921053,0.6796992,0.8568925,0.0351508
surf,28,smote,0.7259615,0.6323529,43,25,32,108,0.5733333,0.8120301,0.6013986,0.6926817,0.8505942,0.0401245
multisurf,29,smote,0.7644231,0.7096774,44,18,31,115,0.5866667,0.8646617,0.6423358,0.7256642,0.8482472,0.0310635
