Selection Method,n_features,balancing,accuracy,precision,TP,FP,FN,TN,sensitivity,specificity,f1,auc_test,auc_cv,std_auc_cv
f_test,13,adasyn,0.7451923,0.6666667,44,22,31,111,0.5866667,0.8345865,0.6241135,0.7106266,0.7336601,0.0691160
mutual_info,9,borderline_smote,0.7500000,0.6885246,42,19,33,114,0.5600000,0.8571429,0.6176471,0.7085714,0.7397207,0.0622239
reliefF,13,adasyn,0.7355769,0.6562500,42,22,33,111,0.5600000,0.8345865,0.6043165,0.6972932,0.7341652,0.0692058
surf,12,borderline_smote,0.7644231,0.7031250,45,19,30,114,0.6000000,0.8571429,0.6474820,0.7285714,0.7543375,0.0678821
multisurf,11,borderline_smote,0.7500000,0.6885246,42,19,33,114,0.5600000,0.8571429,0.6176471,0.7085714,0.7400475,0.0653187
