Selection Method,n_features,accuracy,precision,TP,FP,FN,TN,sensitivity,specificity,f1,auc_test,auc_cv,std_auc_cv
f_test,13,0.7163462,0.7105263,27,11,48,122,0.3600000,0.9172932,0.4778761,0.6386466,0.7194593,0.0711891
mutual_info,3,0.6778846,0.5769231,30,22,45,111,0.4000000,0.8345865,0.4724409,0.6172932,0.7480689,0.0729876
reliefF,14,0.6971154,0.6153846,32,20,43,113,0.4266667,0.8496241,0.5039370,0.6381454,0.7254011,0.0679115
surf,13,0.6105769,0.4615385,36,42,39,91,0.4800000,0.6842105,0.4705882,0.5821053,0.7224896,0.0342885
multisurf,14,0.6730769,0.5614035,32,25,43,108,0.4266667,0.8120301,0.4848485,0.6193484,0.7253417,0.0217612
