Selection Method,n_features,accuracy,precision,TP,FP,FN,TN,sensitivity,specificity,f1,auc_test,auc_cv,std_auc_cv
f_test,8,0.6250000,0.4651163,20,23,55,110,0.2666667,0.8270677,0.3389831,0.5468672,0.7097148,0.0392436
mutual_info,10,0.6442308,0.5090909,28,27,47,106,0.3733333,0.7969925,0.4307692,0.5851629,0.7163102,0.0452616
reliefF,9,0.6442308,0.5094340,27,26,48,107,0.3600000,0.8045113,0.4218750,0.5822556,0.7368984,0.0577782
surf,10,0.6538462,0.5211268,37,34,38,99,0.4933333,0.7443609,0.5068493,0.6188471,0.7450089,0.0445208
multisurf,11,0.6826923,0.5737705,35,26,40,107,0.4666667,0.8045113,0.5147059,0.6355890,0.7304813,0.0551768
