Selection Method,n_features,balancing,accuracy,precision,TP,FP,FN,TN,sensitivity,specificity,f1,auc_test,auc_cv,std_auc_cv
f_test,21,smote,0.6778846,0.5555556,40,32,35,101,0.5333333,0.7593985,0.5442177,0.6463659,0.7420677,0.0465778
mutual_info,17,smote,0.6778846,0.5571429,39,31,36,102,0.5200000,0.7669173,0.5379310,0.6434586,0.7370172,0.0449701
reliefF,15,smote,0.7451923,0.6486486,48,26,27,107,0.6400000,0.8045113,0.6442953,0.7222556,0.7533274,0.0330212
surf,20,smote,0.6730769,0.5507246,38,31,37,102,0.5066667,0.7669173,0.5277778,0.6367920,0.7531491,0.0347209
multisurf,23,smote,0.6682692,0.5441176,37,31,38,102,0.4933333,0.7669173,0.5174825,0.6301253,0.7542484,0.0339733
