Selection Method,n_features,accuracy,precision,TP,FP,FN,TN,sensitivity,specificity,f1,auc_test,auc_cv,std_auc_cv
f_test,30,0.5990338,0.4415584,34,43,40,90,0.4594595,0.6766917,0.4503311,0.5680756,0.6930481,0.0456641
mutual_info,30,0.5748792,0.4146341,34,48,40,85,0.4594595,0.6390977,0.4358974,0.5492786,0.6994652,0.0386501
reliefF,10,0.6666667,0.5510204,27,22,47,111,0.3648649,0.8345865,0.4390244,0.5997257,0.6957219,0.0345351
surf,9,0.6618357,0.5400000,27,23,47,110,0.3648649,0.8270677,0.4354839,0.5959663,0.7016043,0.0375323
multisurf,3,0.6714976,0.5625000,27,21,47,112,0.3648649,0.8421053,0.4426230,0.6034851,0.7044563,0.0204300
