Selection Method,n_features,accuracy,precision,TP,FP,FN,TN,sensitivity,specificity,f1,auc_test,auc_cv,std_auc_cv
f_test,13,0.7019231,0.6226415,33,20,42,113,0.4400000,0.8496241,0.5156250,0.6448120,0.7546940,0.0629151
mutual_info,18,0.6634615,0.5409836,33,28,42,105,0.4400000,0.7894737,0.4852941,0.6147368,0.7661319,0.0337111
reliefF,21,0.6778846,0.5555556,40,32,35,101,0.5333333,0.7593985,0.5442177,0.6463659,0.7600713,0.0524051
surf,22,0.6778846,0.5606061,37,29,38,104,0.4933333,0.7819549,0.5248227,0.6376441,0.7577837,0.0544598
multisurf,22,0.6778846,0.5606061,37,29,38,104,0.4933333,0.7819549,0.5248227,0.6376441,0.7519014,0.0520411
