Selection Method,n_features,accuracy,precision,TP,FP,FN,TN,sensitivity,specificity,f1,auc_test,auc_cv,std_auc_cv
f_test,5,0.6826923,0.5818182,32,23,43,110,0.4266667,0.8270677,0.4923077,0.6268672,0.7201129,0.0206305
mutual_info,4,0.6586538,0.5270270,39,35,36,98,0.5200000,0.7368421,0.5234899,0.6284211,0.7308972,0.0342353
reliefF,5,0.6730769,0.5593220,33,26,42,107,0.4400000,0.8045113,0.4925373,0.6222556,0.7257576,0.0324751
surf,4,0.7211538,0.6666667,34,17,41,116,0.4533333,0.8721805,0.5396825,0.6627569,0.7134284,0.0257174
multisurf,9,0.6971154,0.6000000,36,24,39,109,0.4800000,0.8195489,0.5333333,0.6497744,0.7250149,0.0567639
