Selection Method,n_features,accuracy,precision,TP,FP,FN,TN,sensitivity,specificity,f1,auc_test,auc_cv,std_auc_cv
f_test,12,0.6666667,0.5362319,37,32,36,99,0.5068493,0.7557252,0.5211268,0.6312873,0.7364416,0.0367235
mutual_info,10,0.6470588,0.5058824,43,42,30,89,0.5890411,0.6793893,0.5443038,0.6342152,0.7696190,0.0548269
reliefF,15,0.6323529,0.4886364,43,45,30,86,0.5890411,0.6564885,0.5341615,0.6227648,0.7569407,0.0208945
surf,14,0.6666667,0.5324675,41,36,32,95,0.5616438,0.7251908,0.5466667,0.6434173,0.7503231,0.0368251
multisurf,14,0.6764706,0.5466667,41,34,32,97,0.5616438,0.7404580,0.5540541,0.6510509,0.7590575,0.0400570
