Selection Method,n_features,balancing,accuracy,precision,TP,FP,FN,TN,sensitivity,specificity,f1,auc_test,auc_cv,std_auc_cv
f_test,30,smote,0.7451923,0.6341463,52,30,23,103,0.6933333,0.7744361,0.6624204,0.7338847,0.8778372,0.0321353
mutual_info,29,smote,0.7500000,0.6455696,51,28,24,105,0.6800000,0.7894737,0.6623377,0.7347368,0.8837195,0.0356157
reliefF,30,smote,0.7596154,0.6582278,52,27,23,106,0.6933333,0.7969925,0.6753247,0.7451629,0.8777481,0.0307059
surf,29,smote,0.7692308,0.6708861,53,26,22,107,0.7066667,0.8045113,0.6883117,0.7555890,0.8782531,0.0358499
multisurf,29,smote,0.7500000,0.6455696,51,28,24,105,0.6800000,0.7894737,0.6623377,0.7347368,0.8837195,0.0356157
