Selection Method,n_features,accuracy,precision,TP,FP,FN,TN,sensitivity,specificity,f1,auc_test,auc_cv,std_auc_cv
f_test,14,0.6971154,0.6034483,35,23,40,110,0.4666667,0.8270677,0.5263158,0.6468672,0.7201426,0.0379401
mutual_info,14,0.7307692,0.6938776,34,15,41,118,0.4533333,0.8872180,0.5483871,0.6702757,0.7174688,0.0664964
reliefF,14,0.6971154,0.6034483,35,23,40,110,0.4666667,0.8270677,0.5263158,0.6468672,0.7260250,0.0475333
surf,15,0.7355769,0.7173913,33,13,42,120,0.4400000,0.9022556,0.5454545,0.6711278,0.7233512,0.0678003
multisurf,12,0.7163462,0.6600000,33,17,42,116,0.4400000,0.8721805,0.5280000,0.6560902,0.7203209,0.0688254
