Selection Method,n_features,balancing,accuracy,precision,TP,FP,FN,TN,sensitivity,specificity,f1,auc_test,auc_cv,std_auc_cv
f_test,23,kmeans_smote,0.7403846,0.6567164,44,23,31,110,0.5866667,0.8270677,0.6197183,0.7068672,0.8275401,0.0623459
mutual_info,10,kmeans_smote,0.7403846,0.6721311,41,20,34,113,0.5466667,0.8496241,0.6029412,0.6981454,0.8409388,0.0255914
reliefF,23,kmeans_smote,0.7788462,0.8536585,35,6,40,127,0.4666667,0.9548872,0.6034483,0.7107769,0.8298277,0.0413524
surf,24,kmeans_smote,0.7067308,0.6093750,39,25,36,108,0.5200000,0.8120301,0.5611511,0.6660150,0.8326203,0.0391920
multisurf,22,kmeans_smote,0.7740385,0.7121212,47,19,28,114,0.6266667,0.8571429,0.6666667,0.7419048,0.8327986,0.0281750
