Selection Method,n_features,balancing,accuracy,precision,TP,FP,FN,TN,sensitivity,specificity,f1,auc_test,auc_cv,std_auc_cv
f_test,19,smote,0.6394231,1.0000000,0,0,75,133,0.0000000,1.0000000,0.0000000,0.5000000,0.8243613,0.0305279
mutual_info,43,smote,0.7019231,0.6857143,24,11,51,122,0.3200000,0.9172932,0.4363636,0.6186466,0.8268271,0.0584201
reliefF,11,smote,0.7644231,0.8250000,33,7,42,126,0.4400000,0.9473684,0.5739130,0.6936842,0.8448010,0.0331031
surf,8,smote,0.6634615,0.6470588,11,6,64,127,0.1466667,0.9548872,0.2391304,0.5507769,0.8298277,0.0267090
multisurf,14,smote,0.7355769,0.8125000,26,6,49,127,0.3466667,0.9548872,0.4859813,0.6507769,0.8304219,0.0316634
