Selection Method,n_features,accuracy,precision,TP,FP,FN,TN,sensitivity,specificity,f1,auc_test,auc_cv,std_auc_cv
f_test,16,0.7355769,0.6785714,38,18,37,115,0.5066667,0.8646617,0.5801527,0.6856642,0.8420380,0.0337057
mutual_info,25,0.7500000,0.7346939,36,13,39,120,0.4800000,0.9022556,0.5806452,0.6911278,0.8212121,0.0542212
reliefF,23,0.7163462,0.6481481,35,19,40,114,0.4666667,0.8571429,0.5426357,0.6619048,0.8328580,0.0451545
surf,23,0.7644231,0.7321429,41,15,34,118,0.5466667,0.8872180,0.6259542,0.7169424,0.8388592,0.0539297
multisurf,19,0.7644231,0.7407407,40,14,35,119,0.5333333,0.8947368,0.6201550,0.7140351,0.8391860,0.0375174
