Selection Method,n_features,accuracy,precision,TP,FP,FN,TN,sensitivity,specificity,f1,auc_test,auc_cv,std_auc_cv
f_test,28,0.8317308,0.8333333,50,10,25,123,0.6666667,0.9248120,0.7407407,0.7957393,0.8507724,0.0197883
mutual_info,9,0.8317308,0.8333333,50,10,25,123,0.6666667,0.9248120,0.7407407,0.7957393,0.8543078,0.0199327
reliefF,28,0.8317308,0.8333333,50,10,25,123,0.6666667,0.9248120,0.7407407,0.7957393,0.8507724,0.0197883
surf,13,0.8221154,0.8064516,50,12,25,121,0.6666667,0.9097744,0.7299270,0.7882206,0.8508616,0.0185020
multisurf,16,0.8173077,0.8032787,49,12,26,121,0.6533333,0.9097744,0.7205882,0.7815539,0.8510992,0.0212834
