Selection Method,n_features,accuracy,precision,TP,FP,FN,TN,sensitivity,specificity,f1,auc_test,auc_cv,std_auc_cv
f_test,23,0.7403846,0.7142857,35,14,40,119,0.4666667,0.8947368,0.5645161,0.6807018,0.8483363,0.0269217
mutual_info,16,0.7451923,0.7200000,36,14,39,119,0.4800000,0.8947368,0.5760000,0.6873684,0.8480986,0.0304410
reliefF,20,0.7403846,0.7142857,35,14,40,119,0.4666667,0.8947368,0.5645161,0.6807018,0.8480986,0.0289853
surf,23,0.7451923,0.7291667,35,13,40,120,0.4666667,0.9022556,0.5691057,0.6844612,0.8394236,0.0371827
multisurf,12,0.7740385,0.7800000,39,11,36,122,0.5200000,0.9172932,0.6240000,0.7186466,0.8481878,0.0168174
