Selection Method,n_features,accuracy,precision,TP,FP,FN,TN,sensitivity,specificity,f1,auc_test,auc_cv,std_auc_cv
f_test,11,0.6971154,0.6666667,24,12,51,121,0.3200000,0.9097744,0.4324324,0.6148872,0.7695187,0.0621350
mutual_info,10,0.6875000,0.6923077,18,8,57,125,0.2400000,0.9398496,0.3564356,0.5899248,0.7638146,0.0380102
reliefF,11,0.6923077,0.6571429,23,12,52,121,0.3066667,0.9097744,0.4181818,0.6082206,0.7549020,0.0537308
surf,11,0.7211538,0.7179487,28,11,47,122,0.3733333,0.9172932,0.4912281,0.6453133,0.7607843,0.0367461
multisurf,10,0.6923077,0.6410256,25,14,50,119,0.3333333,0.8947368,0.4385965,0.6140351,0.7695187,0.0284960
