Selection Method,n_features,accuracy,precision,TP,FP,FN,TN,sensitivity,specificity,f1,auc_test,auc_cv,std_auc_cv
f_test,4,0.6826923,0.5849057,31,22,44,111,0.4133333,0.8345865,0.4843750,0.6239599,0.7478610,0.0645133
mutual_info,7,0.6875000,0.5892857,33,23,42,110,0.4400000,0.8270677,0.5038168,0.6335338,0.7505051,0.0326725
reliefF,11,0.7019231,0.6065574,37,24,38,109,0.4933333,0.8195489,0.5441176,0.6564411,0.7507427,0.0465568
surf,3,0.6778846,0.5833333,28,20,47,113,0.3733333,0.8496241,0.4552846,0.6114787,0.7459596,0.0272879
multisurf,5,0.6971154,0.6071429,34,22,41,111,0.4533333,0.8345865,0.5190840,0.6439599,0.7275401,0.0292921
