Selection Method,n_features,accuracy,precision,TP,FP,FN,TN,sensitivity,specificity,f1,auc_test,auc_cv,std_auc_cv
f_test,18,0.7355769,0.7272727,32,12,43,121,0.4266667,0.9097744,0.5378151,0.6682206,0.8076649,0.0353380
mutual_info,26,0.7115385,0.6923077,27,12,48,121,0.3600000,0.9097744,0.4736842,0.6348872,0.8072490,0.0467790
reliefF,21,0.6971154,0.6666667,24,12,51,121,0.3200000,0.9097744,0.4324324,0.6148872,0.7989305,0.0444289
surf,14,0.7067308,0.6666667,28,14,47,119,0.3733333,0.8947368,0.4786325,0.6340351,0.8051990,0.0222153
multisurf,10,0.7355769,0.7272727,32,12,43,121,0.4266667,0.9097744,0.5378151,0.6682206,0.8278372,0.0333117
