Selection Method,n_features,accuracy,precision,TP,FP,FN,TN,sensitivity,specificity,f1,auc_test,auc_cv,std_auc_cv
f_test,11,0.6875000,0.6190476,26,16,49,117,0.3466667,0.8796992,0.4444444,0.6131830,0.7513369,0.0584795
mutual_info,11,0.6875000,0.6470588,22,12,53,121,0.2933333,0.9097744,0.4036697,0.6015539,0.7777184,0.0427310
reliefF,11,0.7163462,0.7000000,28,12,47,121,0.3733333,0.9097744,0.4869565,0.6415539,0.7425134,0.0478373
surf,9,0.7067308,0.6590909,29,15,46,118,0.3866667,0.8872180,0.4873950,0.6369424,0.7545455,0.0603239
multisurf,11,0.6971154,0.6500000,26,14,49,119,0.3466667,0.8947368,0.4521739,0.6207018,0.7512478,0.0176155
