Selection Method,n_features,balancing,accuracy,precision,TP,FP,FN,TN,sensitivity,specificity,f1,auc_test,auc_cv,std_auc_cv
f_test,34,smote,0.7019231,0.6000000,39,26,36,107,0.5200000,0.8045113,0.5571429,0.6622556,0.8332145,0.0622763
mutual_info,43,smote,0.7788462,0.7543860,43,14,32,119,0.5733333,0.8947368,0.6515152,0.7340351,0.8414439,0.0262846
reliefF,22,smote,0.7403846,0.7142857,35,14,40,119,0.4666667,0.8947368,0.5645161,0.6807018,0.8415924,0.0355187
surf,44,smote,0.7019231,0.6065574,37,24,38,109,0.4933333,0.8195489,0.5441176,0.6564411,0.8323827,0.0742618
multisurf,34,smote,0.7500000,0.6769231,44,21,31,112,0.5866667,0.8421053,0.6285714,0.7143860,0.8474153,0.0269445
