Selection Method,n_features,balancing,accuracy,precision,TP,FP,FN,TN,sensitivity,specificity,f1,auc_test,auc_cv,std_auc_cv
f_test,21,smote,0.7451923,0.7200000,36,14,39,119,0.4800000,0.8947368,0.5760000,0.6873684,0.8657457,0.0322556
mutual_info,19,smote,0.7403846,0.7058824,36,15,39,118,0.4800000,0.8872180,0.5714286,0.6836090,0.8628045,0.0375481
reliefF,20,smote,0.7451923,0.7200000,36,14,39,119,0.4800000,0.8947368,0.5760000,0.6873684,0.8657457,0.0335697
surf,22,smote,0.7548077,0.7307692,38,14,37,119,0.5066667,0.8947368,0.5984252,0.7007018,0.8598633,0.0387619
multisurf,21,smote,0.7451923,0.7200000,36,14,39,119,0.4800000,0.8947368,0.5760000,0.6873684,0.8628045,0.0375481
