Selection Method,n_features,balancing,accuracy,precision,TP,FP,FN,TN,sensitivity,specificity,f1,auc_test,auc_cv,std_auc_cv
f_test,16,adasyn,0.6105769,0.4634146,38,44,37,89,0.5066667,0.6691729,0.4840764,0.5879198,0.7527332,0.0621016
mutual_info,15,adasyn,0.6442308,0.5060241,42,41,33,92,0.5600000,0.6917293,0.5316456,0.6258647,0.7377005,0.0760624
reliefF,11,borderline_smote,0.6730769,0.5507246,38,31,37,102,0.5066667,0.7669173,0.5277778,0.6367920,0.7535056,0.0409887
surf,12,adasyn,0.6490385,0.5131579,39,37,36,96,0.5200000,0.7218045,0.5165563,0.6209023,0.7594771,0.0574059
multisurf,9,borderline_smote,0.6826923,0.5671642,38,29,37,104,0.5066667,0.7819549,0.5352113,0.6443108,0.7418895,0.0618274
