Selection Method,n_features,balancing,accuracy,precision,TP,FP,FN,TN,sensitivity,specificity,f1,auc_test,auc_cv,std_auc_cv
f_test,26,smote,0.7403846,0.6779661,40,19,35,114,0.5333333,0.8571429,0.5970149,0.6952381,0.8443850,0.0356533
mutual_info,29,smote,0.7692308,0.7142857,45,18,30,115,0.6000000,0.8646617,0.6521739,0.7323308,0.8328580,0.0312516
reliefF,22,smote,0.7836538,0.7419355,46,16,29,117,0.6133333,0.8796992,0.6715328,0.7465163,0.8363042,0.0335430
surf,11,smote,0.7548077,0.6935484,43,19,32,114,0.5733333,0.8571429,0.6277372,0.7152381,0.8361557,0.0183950
multisurf,10,smote,0.7500000,0.6716418,45,22,30,111,0.6000000,0.8345865,0.6338028,0.7172932,0.8356506,0.0323069
