Selection Method,n_features,balancing,accuracy,precision,TP,FP,FN,TN,sensitivity,specificity,f1,auc_test,auc_cv,std_auc_cv
f_test,7,smote,0.6875000,0.5735294,39,29,36,104,0.5200000,0.7819549,0.5454545,0.6509774,0.7889780,0.0244774
mutual_info,7,smote,0.7019231,0.5915493,42,29,33,104,0.5600000,0.7819549,0.5753425,0.6709774,0.7807190,0.0317767
reliefF,6,smote,0.7163462,0.6111111,44,28,31,105,0.5866667,0.7894737,0.5986395,0.6880702,0.7988116,0.0411701
surf,8,smote,0.6201923,0.4756098,39,43,36,90,0.5200000,0.6766917,0.4968153,0.5983459,0.8104278,0.0567097
multisurf,6,smote,0.6778846,0.5952381,25,17,50,116,0.3333333,0.8721805,0.4273504,0.6027569,0.8269756,0.0441940
