Selection Method,n_features,accuracy,precision,TP,FP,FN,TN,sensitivity,specificity,f1,auc_test,auc_cv,std_auc_cv
f_test,25,0.8076923,0.7536232,52,17,23,116,0.6933333,0.8721805,0.7222222,0.7827569,0.8604575,0.0271183
mutual_info,29,0.8173077,0.8135593,48,11,27,122,0.6400000,0.9172932,0.7164179,0.7786466,0.8519608,0.0252629
reliefF,27,0.8125000,0.7727273,51,15,24,118,0.6800000,0.8872180,0.7234043,0.7836090,0.8662507,0.0208307
surf,29,0.8317308,0.8333333,50,10,25,123,0.6666667,0.9248120,0.7407407,0.7957393,0.8574272,0.0234027
multisurf,30,0.8269231,0.8196721,50,11,25,122,0.6666667,0.9172932,0.7352941,0.7919799,0.8574272,0.0058220
