Selection Method,n_features,balancing,accuracy,precision,TP,FP,FN,TN,sensitivity,specificity,f1,auc_test,auc_cv,std_auc_cv
f_test,28,smote,0.7548077,0.7307692,38,14,37,119,0.5066667,0.8947368,0.5984252,0.7007018,0.8448901,0.0590603
mutual_info,19,smote,0.7596154,0.7450980,38,13,37,120,0.5066667,0.9022556,0.6031746,0.7044612,0.8504456,0.0457086
reliefF,17,smote,0.7644231,0.7241379,42,16,33,117,0.5600000,0.8796992,0.6315789,0.7198496,0.8328580,0.0440376
surf,23,smote,0.7836538,0.8125000,39,9,36,124,0.5200000,0.9323308,0.6341463,0.7261654,0.8390969,0.0562056
multisurf,28,smote,0.7740385,0.7592593,41,13,34,120,0.5466667,0.9022556,0.6356589,0.7244612,0.8389186,0.0573866
