Selection Method,n_features,accuracy,precision,TP,FP,FN,TN,sensitivity,specificity,f1,auc_test,auc_cv,std_auc_cv
f_test,16,0.6490385,0.5166667,31,29,44,104,0.4133333,0.7819549,0.4592593,0.5976441,0.7479501,0.0734316
mutual_info,16,0.6153846,0.4626866,31,36,44,97,0.4133333,0.7293233,0.4366197,0.5713283,0.7273619,0.0929887
reliefF,16,0.6490385,0.5147059,35,33,40,100,0.4666667,0.7518797,0.4895105,0.6092732,0.7281937,0.0164809
surf,15,0.6730769,0.5636364,31,24,44,109,0.4133333,0.8195489,0.4769231,0.6164411,0.7537730,0.0705466
multisurf,8,0.6153846,0.4528302,24,29,51,104,0.3200000,0.7819549,0.3750000,0.5509774,0.7250149,0.0660502
