Selection Method,n_features,balancing,accuracy,precision,TP,FP,FN,TN,sensitivity,specificity,f1,auc_test,auc_cv,std_auc_cv
f_test,26,smote,0.7259615,0.6363636,42,24,33,109,0.5600000,0.8195489,0.5957447,0.6897744,0.8390969,0.0494576
mutual_info,28,smote,0.7692308,0.7142857,45,18,30,115,0.6000000,0.8646617,0.6521739,0.7323308,0.8448901,0.0490796
reliefF,29,smote,0.7451923,0.6666667,44,22,31,111,0.5866667,0.8345865,0.6241135,0.7106266,0.8392454,0.0550191
surf,28,smote,0.7307692,0.6507937,41,22,34,111,0.5466667,0.8345865,0.5942029,0.6906266,0.8481581,0.0602742
multisurf,25,smote,0.7596154,0.6865672,46,21,29,112,0.6133333,0.8421053,0.6478873,0.7277193,0.8536245,0.0613358
