Selection Method,n_features,accuracy,precision,TP,FP,FN,TN,sensitivity,specificity,f1,auc_test,auc_cv,std_auc_cv
f_test,24,0.7548077,0.7142857,40,16,35,117,0.5333333,0.8796992,0.6106870,0.7065163,0.8629531,0.0342605
mutual_info,22,0.8221154,0.8800000,44,6,31,127,0.5866667,0.9548872,0.7040000,0.7707769,0.8602793,0.0186503
reliefF,24,0.7548077,0.7608696,35,11,40,122,0.4666667,0.9172932,0.5785124,0.6919799,0.8545455,0.0341595
surf,24,0.7451923,0.7037037,38,16,37,117,0.5066667,0.8796992,0.5891473,0.6931830,0.8743910,0.0326855
multisurf,24,0.7451923,0.7037037,38,16,37,117,0.5066667,0.8796992,0.5891473,0.6931830,0.8685086,0.0260874
