Selection Method,n_features,balancing,accuracy,precision,TP,FP,FN,TN,sensitivity,specificity,f1,auc_test,auc_cv,std_auc_cv
f_test,28,smote,0.6826923,0.5692308,37,28,38,105,0.4933333,0.7894737,0.5285714,0.6414035,0.6759655,0.1011546
mutual_info,15,smote,0.7211538,0.6393443,39,22,36,111,0.5200000,0.8345865,0.5735294,0.6772932,0.6961378,0.0369797
reliefF,13,smote,0.6923077,0.5964912,34,23,41,110,0.4533333,0.8270677,0.5151515,0.6402005,0.7279263,0.0729163
surf,8,smote,0.6875000,0.5641026,44,34,31,99,0.5866667,0.7443609,0.5751634,0.6655138,0.7139335,0.0459713
multisurf,13,smote,0.6875000,0.5657895,43,33,32,100,0.5733333,0.7518797,0.5695364,0.6626065,0.7441176,0.0246744
