Selection Method,n_features,accuracy,precision,TP,FP,FN,TN,sensitivity,specificity,f1,auc_test,auc_cv,std_auc_cv
f_test,4,0.6971154,0.6200000,31,19,44,114,0.4133333,0.8571429,0.4960000,0.6352381,0.7034759,0.0484160
mutual_info,4,0.6682692,0.5789474,22,16,53,117,0.2933333,0.8796992,0.3893805,0.5865163,0.6991087,0.0346259
reliefF,4,0.6971154,0.6200000,31,19,44,114,0.4133333,0.8571429,0.4960000,0.6352381,0.7034759,0.0484160
surf,4,0.6490385,0.5142857,36,34,39,99,0.4800000,0.7443609,0.4965517,0.6121805,0.7034759,0.0484160
multisurf,15,0.6875000,0.6136364,27,17,48,116,0.3600000,0.8721805,0.4537815,0.6160902,0.6847594,0.0579388
