Selection Method,n_features,balancing,accuracy,precision,TP,FP,FN,TN,sensitivity,specificity,f1,auc_test,auc_cv,std_auc_cv
f_test,8,smote,0.7548077,0.6818182,45,21,30,112,0.6000000,0.8421053,0.6382979,0.7210526,0.8129234,0.0297973
mutual_info,6,smote,0.7355769,0.6785714,38,18,37,115,0.5066667,0.8646617,0.5801527,0.6856642,0.8363636,0.0466987
reliefF,5,smote,0.7403846,0.6779661,40,19,35,114,0.5333333,0.8571429,0.5970149,0.6952381,0.8251931,0.0492589
surf,8,smote,0.7548077,0.6875000,44,20,31,113,0.5866667,0.8496241,0.6330935,0.7181454,0.8276292,0.0382013
multisurf,8,smote,0.7548077,0.6875000,44,20,31,113,0.5866667,0.8496241,0.6330935,0.7181454,0.8188057,0.0400570
