Selection Method,n_features,balancing,accuracy,precision,TP,FP,FN,TN,sensitivity,specificity,f1,auc_test,auc_cv,std_auc_cv
f_test,22,smote,0.7163462,0.6333333,38,22,37,111,0.5066667,0.8345865,0.5629630,0.6706266,0.8480095,0.0307859
mutual_info,29,smote,0.7548077,0.6935484,43,19,32,114,0.5733333,0.8571429,0.6277372,0.7152381,0.8507724,0.0465671
reliefF,28,smote,0.7355769,0.6666667,40,20,35,113,0.5333333,0.8496241,0.5925926,0.6914787,0.8448901,0.0229225
surf,26,smote,0.7307692,0.6417910,43,24,32,109,0.5733333,0.8195489,0.6056338,0.6964411,0.8566548,0.0216563
multisurf,27,smote,0.7403846,0.6721311,41,20,34,113,0.5466667,0.8496241,0.6029412,0.6981454,0.8448901,0.0348249
