Selection Method,n_features,accuracy,precision,TP,FP,FN,TN,sensitivity,specificity,f1,auc_test,auc_cv,std_auc_cv
f_test,23,0.7788462,0.7301587,46,17,29,116,0.6133333,0.8721805,0.6666667,0.7427569,0.8516043,0.0544169
mutual_info,17,0.7451923,0.7500000,33,11,42,122,0.4400000,0.9172932,0.5546218,0.6786466,0.8248069,0.0327195
reliefF,24,0.7355769,0.6666667,40,20,35,113,0.5333333,0.8496241,0.5925926,0.6914787,0.8396019,0.0152613
surf,19,0.7451923,0.6833333,41,19,34,114,0.5466667,0.8571429,0.6074074,0.7019048,0.8590018,0.0390091
multisurf,29,0.7451923,0.6774194,42,20,33,113,0.5600000,0.8496241,0.6131387,0.7048120,0.8595960,0.0446574
