Selection Method,n_features,balancing,accuracy,precision,TP,FP,FN,TN,sensitivity,specificity,f1,auc_test,auc_cv,std_auc_cv
f_test,8,smote,0.7259615,0.7045455,31,13,44,120,0.4133333,0.9022556,0.5210084,0.6577945,0.8049614,0.0221555
mutual_info,8,smote,0.7259615,0.7045455,31,13,44,120,0.4133333,0.9022556,0.5210084,0.6577945,0.8049614,0.0221555
reliefF,8,smote,0.7259615,0.7045455,31,13,44,120,0.4133333,0.9022556,0.5210084,0.6577945,0.8049614,0.0221555
surf,7,smote,0.7307692,0.7209302,31,12,44,121,0.4133333,0.9097744,0.5254237,0.6615539,0.8101010,0.0200799
multisurf,7,smote,0.7115385,0.6923077,27,12,48,121,0.3600000,0.9097744,0.4736842,0.6348872,0.7985740,0.0278768
