Selection Method,n_features,balancing,accuracy,precision,TP,FP,FN,TN,sensitivity,specificity,f1,auc_test,auc_cv,std_auc_cv
f_test,6,smote,0.6778846,0.5645161,35,27,40,106,0.4666667,0.7969925,0.5109489,0.6318296,0.7454248,0.0775073
mutual_info,7,adasyn,0.6778846,0.5606061,37,29,38,104,0.4933333,0.7819549,0.5248227,0.6376441,0.7587344,0.0683105
reliefF,7,smote,0.6730769,0.5522388,37,30,38,103,0.4933333,0.7744361,0.5211268,0.6338847,0.7422460,0.0931211
surf,7,adasyn,0.6730769,0.5466667,41,34,34,99,0.5466667,0.7443609,0.5466667,0.6455138,0.7360071,0.0452659
multisurf,7,smote,0.6730769,0.5593220,33,26,42,107,0.4400000,0.8045113,0.4925373,0.6222556,0.7361854,0.0579384
