Selection Method,n_features,accuracy,precision,TP,FP,FN,TN,sensitivity,specificity,f1,auc_test,auc_cv,std_auc_cv
f_test,16,0.7355769,0.7083333,34,14,41,119,0.4533333,0.8947368,0.5528455,0.6740351,0.8424540,0.0315041
mutual_info,22,0.7067308,0.6206897,36,22,39,111,0.4800000,0.8345865,0.5413534,0.6572932,0.8453951,0.0487969
reliefF,22,0.7115385,0.6470588,33,18,42,115,0.4400000,0.8646617,0.5238095,0.6523308,0.8396019,0.0302904
surf,10,0.7067308,0.6400000,32,18,43,115,0.4266667,0.8646617,0.5120000,0.6456642,0.8369875,0.0315052
multisurf,12,0.7067308,0.6206897,36,22,39,111,0.4800000,0.8345865,0.5413534,0.6572932,0.8449792,0.0199463
