Selection Method,n_features,accuracy,precision,TP,FP,FN,TN,sensitivity,specificity,f1,auc_test,auc_cv,std_auc_cv
f_test,29,0.8413462,0.8387097,52,10,23,123,0.6933333,0.9248120,0.7591241,0.8090727,0.8573381,0.0233661
mutual_info,29,0.8365385,0.8253968,52,11,23,122,0.6933333,0.9172932,0.7536232,0.8053133,0.8426322,0.0187148
reliefF,25,0.8076923,0.7536232,52,17,23,116,0.6933333,0.8721805,0.7222222,0.7827569,0.8453060,0.0388485
surf,22,0.8269231,0.8095238,51,12,24,121,0.6800000,0.9097744,0.7391304,0.7948872,0.8485146,0.0309185
multisurf,26,0.8269231,0.8000000,52,13,23,120,0.6933333,0.9022556,0.7428571,0.7977945,0.8544860,0.0211223
