Selection Method,n_features,balancing,accuracy,precision,TP,FP,FN,TN,sensitivity,specificity,f1,auc_test,auc_cv,std_auc_cv
f_test,6,borderline_smote,0.6730769,0.5421687,45,38,30,95,0.6000000,0.7142857,0.5696203,0.6571429,0.7445039,0.0387936
mutual_info,8,smote,0.6730769,0.5636364,31,24,44,109,0.4133333,0.8195489,0.4769231,0.6164411,0.7306298,0.0323422
reliefF,8,borderline_smote,0.6490385,0.5142857,36,34,39,99,0.4800000,0.7443609,0.4965517,0.6121805,0.7487225,0.0622993
surf,4,kmeans_smote,0.6971154,0.6153846,32,20,43,113,0.4266667,0.8496241,0.5039370,0.6381454,0.7601604,0.0579216
multisurf,8,kmeans_smote,0.6346154,0.4927536,34,35,41,98,0.4533333,0.7368421,0.4722222,0.5950877,0.7420677,0.0384376
