Selection Method,n_features,accuracy,precision,TP,FP,FN,TN,sensitivity,specificity,f1,auc_test,auc_cv,std_auc_cv
f_test,39,0.6923077,0.5964912,34,23,41,110,0.4533333,0.8270677,0.5151515,0.6402005,0.7929590,0.0489268
mutual_info,32,0.6778846,0.5689655,33,25,42,108,0.4400000,0.8120301,0.4962406,0.6260150,0.8018717,0.0119230
reliefF,37,0.7259615,0.6607143,37,19,38,114,0.4933333,0.8571429,0.5648855,0.6752381,0.7959893,0.0255381
surf,39,0.6826923,0.5818182,32,23,43,110,0.4266667,0.8270677,0.4923077,0.6268672,0.7990196,0.0524228
multisurf,36,0.7067308,0.6250000,35,21,40,112,0.4666667,0.8421053,0.5343511,0.6543860,0.7932264,0.0358816
