Selection Method,n_features,accuracy,precision,TP,FP,FN,TN,sensitivity,specificity,f1,auc_test,auc_cv,std_auc_cv
f_test,12,0.6730769,0.5522388,37,30,38,103,0.4933333,0.7744361,0.5211268,0.6338847,0.7451872,0.0451199
mutual_info,14,0.6730769,0.5555556,35,28,40,105,0.4666667,0.7894737,0.5072464,0.6280702,0.7450089,0.0488576
reliefF,8,0.6923077,0.5846154,38,27,37,106,0.5066667,0.7969925,0.5428571,0.6518296,0.7479501,0.0341072
surf,9,0.6971154,0.5937500,38,26,37,107,0.5066667,0.8045113,0.5467626,0.6555890,0.7445039,0.0441047
multisurf,10,0.6778846,0.5606061,37,29,38,104,0.4933333,0.7819549,0.5248227,0.6376441,0.7504753,0.0462283
