Selection Method,n_features,accuracy,precision,TP,FP,FN,TN,sensitivity,specificity,f1,auc_test,auc_cv,std_auc_cv
f_test,24,0.7788462,0.7636364,42,13,33,120,0.5600000,0.9022556,0.6461538,0.7311278,0.8391563,0.0376944
mutual_info,24,0.7980769,0.8113208,43,10,32,123,0.5733333,0.9248120,0.6718750,0.7490727,0.8423648,0.0154313
reliefF,15,0.7932692,0.7857143,44,12,31,121,0.5866667,0.9097744,0.6717557,0.7482206,0.8368093,0.0407108
surf,4,0.7548077,0.7000000,42,18,33,115,0.5600000,0.8646617,0.6222222,0.7123308,0.8513666,0.0302442
multisurf,22,0.7692308,0.7547170,40,13,35,120,0.5333333,0.9022556,0.6250000,0.7177945,0.8627748,0.0544624
