Selection Method,n_features,balancing,accuracy,precision,TP,FP,FN,TN,sensitivity,specificity,f1,auc_test,auc_cv,std_auc_cv
f_test,28,smote,0.7259615,0.7045455,31,13,44,120,0.4133333,0.9022556,0.5210084,0.6577945,0.8333036,0.0260071
mutual_info,25,smote,0.7307692,0.7209302,31,12,44,121,0.4133333,0.9097744,0.5254237,0.6615539,0.8219548,0.0164716
reliefF,19,smote,0.7307692,0.7209302,31,12,44,121,0.4133333,0.9097744,0.5254237,0.6615539,0.8250743,0.0257006
surf,29,smote,0.7451923,0.7500000,33,11,42,122,0.4400000,0.9172932,0.5546218,0.6786466,0.8304516,0.0345211
multisurf,29,smote,0.7211538,0.6976744,30,13,45,120,0.4000000,0.9022556,0.5084746,0.6511278,0.8448307,0.0345731
