Selection Method,n_features,balancing,accuracy,precision,TP,FP,FN,TN,sensitivity,specificity,f1,auc_test,auc_cv,std_auc_cv
f_test,22,smote,0.7355769,0.6250000,50,30,25,103,0.6666667,0.7744361,0.6451613,0.7205514,0.8545455,0.0350196
mutual_info,22,smote,0.7403846,0.6296296,51,30,24,103,0.6800000,0.7744361,0.6538462,0.7272180,0.8721034,0.0440469
reliefF,22,smote,0.7355769,0.6250000,50,30,25,103,0.6666667,0.7744361,0.6451613,0.7205514,0.8545455,0.0350196
surf,21,smote,0.7451923,0.6447368,49,27,26,106,0.6533333,0.7969925,0.6490066,0.7251629,0.8753119,0.0286433
multisurf,22,smote,0.7403846,0.6296296,51,30,24,103,0.6800000,0.7744361,0.6538462,0.7272180,0.8721034,0.0440469
