Selection Method,n_features,accuracy,precision,TP,FP,FN,TN,sensitivity,specificity,f1,auc_test,auc_cv,std_auc_cv
f_test,3,0.7115385,0.6666667,30,15,45,118,0.4000000,0.8872180,0.5000000,0.6436090,0.7193999,0.0744383
mutual_info,4,0.7163462,0.6904762,29,13,46,120,0.3866667,0.9022556,0.4957265,0.6444612,0.7197267,0.0562649
reliefF,9,0.7019231,0.6511628,28,15,47,118,0.3733333,0.8872180,0.4745763,0.6302757,0.7112597,0.0630115
surf,11,0.7067308,0.6750000,27,13,48,120,0.3600000,0.9022556,0.4695652,0.6311278,0.6997326,0.0597663
multisurf,4,0.6923077,0.5873016,37,26,38,107,0.4933333,0.8045113,0.5362319,0.6489223,0.7175579,0.0755667
