Selection Method,n_features,accuracy,precision,TP,FP,FN,TN,sensitivity,specificity,f1,auc_test,auc_cv,std_auc_cv
f_test,4,0.7115385,0.6595745,31,16,44,117,0.4133333,0.8796992,0.5081967,0.6465163,0.7106358,0.0379224
mutual_info,3,0.6682692,0.5454545,36,30,39,103,0.4800000,0.7744361,0.5106383,0.6272180,0.7017231,0.0352256
reliefF,4,0.7115385,0.6595745,31,16,44,117,0.4133333,0.8796992,0.5081967,0.6465163,0.7135769,0.0331471
surf,3,0.7163462,0.6904762,29,13,46,120,0.3866667,0.9022556,0.4957265,0.6444612,0.7019905,0.0450526
multisurf,4,0.7115385,0.6595745,31,16,44,117,0.4133333,0.8796992,0.5081967,0.6465163,0.6959299,0.0536236
