Selection Method,n_features,accuracy,precision,TP,FP,FN,TN,sensitivity,specificity,f1,auc_test,auc_cv,std_auc_cv
f_test,18,0.8173077,0.8032787,49,12,26,121,0.6533333,0.9097744,0.7205882,0.7815539,0.8511884,0.0163348
mutual_info,10,0.8125000,0.8214286,46,10,29,123,0.6133333,0.9248120,0.7022901,0.7690727,0.8217172,0.0512309
reliefF,28,0.8173077,0.8135593,48,11,27,122,0.6400000,0.9172932,0.7164179,0.7786466,0.8337195,0.0207236
surf,23,0.8173077,0.8032787,49,12,26,121,0.6533333,0.9097744,0.7205882,0.7815539,0.8476827,0.0566465
multisurf,23,0.8125000,0.8000000,48,12,27,121,0.6400000,0.9097744,0.7111111,0.7748872,0.8395128,0.0366018
