Selection Method,n_features,accuracy,precision,TP,FP,FN,TN,sensitivity,specificity,f1,auc_test,auc_cv,std_auc_cv
f_test,10,0.5817308,0.3750000,18,30,57,103,0.2400000,0.7744361,0.2926829,0.5072180,0.7218063,0.0447155
mutual_info,15,0.7067308,0.6206897,36,22,39,111,0.4800000,0.8345865,0.5413534,0.6572932,0.7349079,0.0417725
reliefF,13,0.7019231,0.6181818,34,21,41,112,0.4533333,0.8421053,0.5230769,0.6477193,0.7461973,0.0322073
surf,12,0.7067308,0.6060606,40,26,35,107,0.5333333,0.8045113,0.5673759,0.6689223,0.7344920,0.0300918
multisurf,14,0.6971154,0.5937500,38,26,37,107,0.5066667,0.8045113,0.5467626,0.6555890,0.7344029,0.0379526
