Selection Method,n_features,accuracy,precision,TP,FP,FN,TN,sensitivity,specificity,f1,auc_test,auc_cv,std_auc_cv
f_test,29,0.7644231,0.7321429,41,15,34,118,0.5466667,0.8872180,0.6259542,0.7169424,0.8370469,0.0507592
mutual_info,27,0.7692308,0.7547170,40,13,35,120,0.5333333,0.9022556,0.6250000,0.7177945,0.8394236,0.0477395
reliefF,28,0.7692308,0.7755102,38,11,37,122,0.5066667,0.9172932,0.6129032,0.7119799,0.8312537,0.0568462
surf,28,0.7644231,0.7500000,39,13,36,120,0.5200000,0.9022556,0.6141732,0.7111278,0.8341058,0.0562727
multisurf,26,0.7836538,0.8000000,40,10,35,123,0.5333333,0.9248120,0.6400000,0.7290727,0.8339572,0.0453483
