Selection Method,n_features,accuracy,precision,TP,FP,FN,TN,sensitivity,specificity,f1,auc_test,auc_cv,std_auc_cv
f_test,12,0.8028846,0.7656250,49,15,26,118,0.6533333,0.8872180,0.7050360,0.7702757,0.8541295,0.0393580
mutual_info,13,0.8125000,0.7571429,53,17,22,116,0.7066667,0.8721805,0.7310345,0.7894236,0.8453951,0.0301212
reliefF,17,0.8221154,0.7878788,52,14,23,119,0.6933333,0.8947368,0.7375887,0.7940351,0.8422757,0.0298639
surf,12,0.8173077,0.7681159,53,16,22,117,0.7066667,0.8796992,0.7361111,0.7931830,0.8570707,0.0365082
multisurf,15,0.8173077,0.8032787,49,12,26,121,0.6533333,0.9097744,0.7205882,0.7815539,0.8572490,0.0258366
