Selection Method,n_features,balancing,accuracy,precision,TP,FP,FN,TN,sensitivity,specificity,f1,auc_test,auc_cv,std_auc_cv
f_test,29,smote,0.7067308,0.6590909,29,15,46,118,0.3866667,0.8872180,0.4873950,0.6369424,0.8359774,0.0666037
mutual_info,23,smote,0.7259615,0.6800000,34,16,41,117,0.4533333,0.8796992,0.5440000,0.6665163,0.8304516,0.0669246
reliefF,29,smote,0.7259615,0.6800000,34,16,41,117,0.4533333,0.8796992,0.5440000,0.6665163,0.8211824,0.0498600
surf,13,smote,0.7163462,0.6739130,31,15,44,118,0.4133333,0.8872180,0.5123967,0.6502757,0.8332145,0.0657625
multisurf,17,smote,0.7211538,0.6734694,33,16,42,117,0.4400000,0.8796992,0.5322581,0.6598496,0.8361557,0.0532142
