Selection Method,n_features,accuracy,precision,TP,FP,FN,TN,sensitivity,specificity,f1,auc_test,auc_cv,std_auc_cv
f_test,26,0.8076923,0.7777778,49,14,26,119,0.6533333,0.8947368,0.7101449,0.7740351,0.8426322,0.0184326
mutual_info,26,0.7932692,0.7352941,50,18,25,115,0.6666667,0.8646617,0.6993007,0.7656642,0.8514557,0.0239496
reliefF,21,0.8125000,0.7727273,51,15,24,118,0.6800000,0.8872180,0.7234043,0.7836090,0.8396019,0.0294963
surf,25,0.7788462,0.6986301,51,22,24,111,0.6800000,0.8345865,0.6891892,0.7572932,0.8538027,0.0160511
multisurf,23,0.7980769,0.7538462,49,16,26,117,0.6533333,0.8796992,0.7000000,0.7665163,0.8571598,0.0201602
