Selection Method,n_features,accuracy,precision,TP,FP,FN,TN,sensitivity,specificity,f1,auc_test,auc_cv,std_auc_cv
f_test,28,0.7451923,0.6666667,44,22,31,111,0.5866667,0.8345865,0.6241135,0.7106266,0.8532977,0.0174502
mutual_info,25,0.8028846,0.7575758,50,16,25,117,0.6666667,0.8796992,0.7092199,0.7731830,0.8566548,0.0519089
reliefF,28,0.7451923,0.6666667,44,22,31,111,0.5866667,0.8345865,0.6241135,0.7106266,0.8532977,0.0174502
surf,26,0.8413462,0.8387097,52,10,23,123,0.6933333,0.9248120,0.7591241,0.8090727,0.8488414,0.0181726
multisurf,27,0.7644231,0.6756757,50,24,25,109,0.6666667,0.8195489,0.6711409,0.7431078,0.8632799,0.0373412
