Selection Method,n_features,balancing,accuracy,precision,TP,FP,FN,TN,sensitivity,specificity,f1,auc_test,auc_cv,std_auc_cv
f_test,12,smote,0.7115385,0.6119403,41,26,34,107,0.5466667,0.8045113,0.5774648,0.6755890,0.7857992,0.0634529
mutual_info,17,smote,0.7019231,0.5970149,40,27,35,106,0.5333333,0.7969925,0.5633803,0.6651629,0.8006536,0.0256288
reliefF,12,smote,0.7115385,0.6086957,42,27,33,106,0.5600000,0.7969925,0.5833333,0.6784962,0.7772430,0.0679180
surf,21,smote,0.7211538,0.6231884,43,26,32,107,0.5733333,0.8045113,0.5972222,0.6889223,0.7654189,0.0564451
multisurf,10,smote,0.7163462,0.6250000,40,24,35,109,0.5333333,0.8195489,0.5755396,0.6764411,0.7669340,0.0404825
