Selection Method,n_features,accuracy,precision,TP,FP,FN,TN,sensitivity,specificity,f1,auc_test,auc_cv,std_auc_cv
f_test,19,0.7211538,0.6307692,41,24,34,109,0.5466667,0.8195489,0.5857143,0.6831078,0.8514260,0.0341514
mutual_info,19,0.8317308,0.8333333,50,10,25,123,0.6666667,0.9248120,0.7407407,0.7957393,0.8490790,0.0295789
reliefF,19,0.8173077,0.8032787,49,12,26,121,0.6533333,0.9097744,0.7205882,0.7815539,0.8461378,0.0325546
surf,19,0.7644231,0.7166667,43,17,32,116,0.5733333,0.8721805,0.6370370,0.7227569,0.8572193,0.0463412
multisurf,19,0.7644231,0.7166667,43,17,32,116,0.5733333,0.8721805,0.6370370,0.7227569,0.8572193,0.0463412
