Selection Method,n_features,accuracy,precision,TP,FP,FN,TN,sensitivity,specificity,f1,auc_test,auc_cv,std_auc_cv
f_test,18,0.7163462,0.6176471,42,26,33,107,0.5600000,0.8045113,0.5874126,0.6822556,0.7686572,0.0531659
mutual_info,17,0.7115385,0.6229508,38,23,37,110,0.5066667,0.8270677,0.5588235,0.6668672,0.7726679,0.0515571
reliefF,17,0.6826923,0.5737705,35,26,40,107,0.4666667,0.8045113,0.5147059,0.6355890,0.7510992,0.0804088
surf,19,0.7211538,0.6545455,36,19,39,114,0.4800000,0.8571429,0.5538462,0.6685714,0.7347296,0.0376547
multisurf,16,0.7019231,0.6101695,36,23,39,110,0.4800000,0.8270677,0.5373134,0.6535338,0.7432264,0.0478755
