Selection Method,n_features,accuracy,precision,TP,FP,FN,TN,sensitivity,specificity,f1,auc_test,auc_cv,std_auc_cv
f_test,21,0.8028846,0.7656250,49,15,26,118,0.6533333,0.8872180,0.7050360,0.7702757,0.8279857,0.0373833
mutual_info,15,0.8125000,0.7812500,50,14,25,119,0.6666667,0.8947368,0.7194245,0.7807018,0.8453951,0.0584290
reliefF,16,0.8221154,0.7968750,51,13,24,120,0.6800000,0.9022556,0.7338129,0.7911278,0.8398396,0.0584847
surf,26,0.7980769,0.7323944,52,19,23,114,0.6933333,0.8571429,0.7123288,0.7752381,0.8394236,0.0235910
multisurf,22,0.8076923,0.7868852,48,13,27,120,0.6400000,0.9022556,0.7058824,0.7711278,0.8423648,0.0394973
