Selection Method,n_features,balancing,accuracy,precision,TP,FP,FN,TN,sensitivity,specificity,f1,auc_test,auc_cv,std_auc_cv
f_test,28,smote,0.7259615,0.6800000,34,16,41,117,0.4533333,0.8796992,0.5440000,0.6665163,0.8601010,0.0345654
mutual_info,29,smote,0.7596154,0.7551020,37,12,38,121,0.4933333,0.9097744,0.5967742,0.7015539,0.8426025,0.0166917
reliefF,28,smote,0.7259615,0.6730769,35,17,40,116,0.4666667,0.8721805,0.5511811,0.6694236,0.8370469,0.0192586
surf,28,smote,0.7211538,0.6734694,33,16,42,117,0.4400000,0.8796992,0.5322581,0.6598496,0.8490790,0.0391854
multisurf,20,smote,0.7980769,0.7796610,46,13,29,120,0.6133333,0.9022556,0.6865672,0.7577945,0.8544563,0.0322530
