Selection Method,n_features,balancing,accuracy,precision,TP,FP,FN,TN,sensitivity,specificity,f1,auc_test,auc_cv,std_auc_cv
f_test,25,smote,0.6682692,0.5441176,37,31,38,102,0.4933333,0.7669173,0.5174825,0.6301253,0.7894831,0.0586075
mutual_info,24,smote,0.6778846,0.5689655,33,25,42,108,0.4400000,0.8120301,0.4962406,0.6260150,0.7870469,0.0485702
reliefF,27,smote,0.6923077,0.6037736,32,21,43,112,0.4266667,0.8421053,0.5000000,0.6343860,0.7700535,0.0623370
surf,27,smote,0.6826923,0.5818182,32,23,43,110,0.4266667,0.8270677,0.4923077,0.6268672,0.7730838,0.0585985
multisurf,15,smote,0.7019231,0.6226415,33,20,42,113,0.4400000,0.8496241,0.5156250,0.6448120,0.7814023,0.0519844
