Selection Method,n_features,balancing,accuracy,precision,TP,FP,FN,TN,sensitivity,specificity,f1,auc_test,auc_cv,std_auc_cv
f_test,26,smote,0.5961538,0.4601770,52,61,23,72,0.6933333,0.5413534,0.5531915,0.6173434,0.6331254,0.0734243
mutual_info,22,smote,0.7115385,0.6744186,29,14,46,119,0.3866667,0.8947368,0.4915254,0.6407018,0.7004753,0.0384959
reliefF,11,smote,0.6586538,0.7000000,7,3,68,130,0.0933333,0.9774436,0.1647059,0.5353885,0.6228164,0.0571555
surf,14,smote,0.6634615,0.7272727,8,3,67,130,0.1066667,0.9774436,0.1860465,0.5420551,0.6228164,0.0526183
multisurf,3,smote,0.6586538,0.7500000,6,2,69,131,0.0800000,0.9849624,0.1445783,0.5324812,0.6339275,0.0741416
