Selection Method,n_features,accuracy,precision,TP,FP,FN,TN,sensitivity,specificity,f1,auc_test,auc_cv,std_auc_cv
f_test,25,0.4830918,0.3658537,45,78,29,55,0.6081081,0.4135338,0.4568528,0.5108210,0.7065954,0.0614273
mutual_info,12,0.6956522,0.6222222,28,17,46,116,0.3783784,0.8721805,0.4705882,0.6252794,0.7090909,0.0305516
reliefF,25,0.6666667,0.5362319,37,32,37,101,0.5000000,0.7593985,0.5174825,0.6296992,0.7012478,0.0490452
surf,9,0.6473430,0.5057471,44,43,30,90,0.5945946,0.6766917,0.5465839,0.6356432,0.7215686,0.0388150
multisurf,30,0.6521739,0.5161290,32,30,42,103,0.4324324,0.7744361,0.4705882,0.6034343,0.7155080,0.0473006
