Selection Method,n_features,balancing,accuracy,precision,TP,FP,FN,TN,sensitivity,specificity,f1,auc_test,auc_cv,std_auc_cv
f_test,42,smote,0.7403846,0.6615385,43,22,32,111,0.5733333,0.8345865,0.6142857,0.7039599,0.8740642,0.0331936
mutual_info,34,smote,0.7644231,0.7500000,39,13,36,120,0.5200000,0.9022556,0.6141732,0.7111278,0.8658051,0.0430954
reliefF,30,smote,0.7596154,0.7659574,36,11,39,122,0.4800000,0.9172932,0.5901639,0.6986466,0.8566548,0.0361951
surf,19,smote,0.8028846,0.7833333,47,13,28,120,0.6266667,0.9022556,0.6962963,0.7644612,0.8627748,0.0483427
multisurf,44,smote,0.7451923,0.6718750,43,21,32,112,0.5733333,0.8421053,0.6187050,0.7077193,0.8680927,0.0212357
