Selection Method,n_features,balancing,accuracy,precision,TP,FP,FN,TN,sensitivity,specificity,f1,auc_test,auc_cv,std_auc_cv
f_test,8,smote,0.7451923,0.6896552,40,18,35,115,0.5333333,0.8646617,0.6015038,0.6989975,0.8225193,0.0243932
mutual_info,8,smote,0.7451923,0.6896552,40,18,35,115,0.5333333,0.8646617,0.6015038,0.6989975,0.8225193,0.0243932
reliefF,8,smote,0.7451923,0.6896552,40,18,35,115,0.5333333,0.8646617,0.6015038,0.6989975,0.8225193,0.0243932
surf,7,smote,0.7644231,0.7241379,42,16,33,117,0.5600000,0.8796992,0.6315789,0.7198496,0.8161319,0.0195116
multisurf,7,smote,0.7548077,0.7068966,41,17,34,116,0.5466667,0.8721805,0.6165414,0.7094236,0.8158645,0.0355719
