Selection Method,n_features,balancing,accuracy,precision,TP,FP,FN,TN,sensitivity,specificity,f1,auc_test,auc_cv,std_auc_cv
f_test,33,smote,0.7211538,0.6888889,31,14,44,119,0.4133333,0.8947368,0.5166667,0.6540351,0.8683304,0.0143874
mutual_info,41,smote,0.7259615,0.7142857,30,12,45,121,0.4000000,0.9097744,0.5128205,0.6548872,0.8799465,0.0143591
reliefF,36,smote,0.7115385,0.7027027,26,11,49,122,0.3466667,0.9172932,0.4642857,0.6319799,0.8738859,0.0208735
surf,43,smote,0.7307692,0.7317073,30,11,45,122,0.4000000,0.9172932,0.5172414,0.6586466,0.8740642,0.0273643
multisurf,41,smote,0.7163462,0.7000000,28,12,47,121,0.3733333,0.9097744,0.4869565,0.6415539,0.8828877,0.0159668
