Selection Method,n_features,accuracy,precision,TP,FP,FN,TN,sensitivity,specificity,f1,auc_test,auc_cv,std_auc_cv
f_test,14,0.6826923,0.5762712,34,25,41,108,0.4533333,0.8120301,0.5074627,0.6326817,0.7428402,0.0623808
mutual_info,15,0.6634615,0.5384615,35,30,40,103,0.4666667,0.7744361,0.5000000,0.6205514,0.7335710,0.0436221
reliefF,12,0.6875000,0.5961538,31,21,44,112,0.4133333,0.8421053,0.4881890,0.6277193,0.7344326,0.0669866
surf,14,0.6875000,0.5925926,32,22,43,111,0.4266667,0.8345865,0.4961240,0.6306266,0.7344326,0.0682658
multisurf,16,0.6634615,0.5384615,35,30,40,103,0.4666667,0.7744361,0.5000000,0.6205514,0.7336601,0.0509126
