Selection Method,n_features,accuracy,precision,TP,FP,FN,TN,sensitivity,specificity,f1,auc_test,auc_cv,std_auc_cv
f_test,21,0.7403846,0.7441860,32,11,43,122,0.4266667,0.9172932,0.5423729,0.6719799,0.8218657,0.0331371
mutual_info,24,0.7355769,0.7272727,32,12,43,121,0.4266667,0.9097744,0.5378151,0.6682206,0.8249851,0.0361394
reliefF,24,0.7403846,0.7441860,32,11,43,122,0.4266667,0.9172932,0.5423729,0.6719799,0.8279263,0.0235276
surf,17,0.7500000,0.7555556,34,11,41,122,0.4533333,0.9172932,0.5666667,0.6853133,0.8248960,0.0288501
multisurf,20,0.7355769,0.7272727,32,12,43,121,0.4266667,0.9097744,0.5378151,0.6682206,0.8248960,0.0317071
