Selection Method,n_features,balancing,accuracy,precision,TP,FP,FN,TN,sensitivity,specificity,f1,auc_test,auc_cv,std_auc_cv
f_test,11,smote,0.6490385,0.5151515,34,32,41,101,0.4533333,0.7593985,0.4822695,0.6063659,0.7395425,0.0676630
mutual_info,3,smote,0.6730769,0.5573770,34,27,41,106,0.4533333,0.7969925,0.5000000,0.6251629,0.7361854,0.0666080
reliefF,14,adasyn,0.6153846,0.4712644,41,46,34,87,0.5466667,0.6541353,0.5061728,0.6004010,0.7479501,0.0698769
surf,13,borderline_smote,0.6105769,0.4700000,47,53,28,80,0.6266667,0.6015038,0.5371429,0.6140852,0.7304516,0.0675380
multisurf,14,adasyn,0.6442308,0.5070423,36,35,39,98,0.4800000,0.7368421,0.4931507,0.6084211,0.7365122,0.0870455
