Selection Method,n_features,balancing,accuracy,precision,TP,FP,FN,TN,sensitivity,specificity,f1,auc_test,auc_cv,std_auc_cv
f_test,23,smote,0.7740385,0.6842105,52,24,23,109,0.6933333,0.8195489,0.6887417,0.7564411,0.8647059,0.0231328
mutual_info,26,smote,0.7548077,0.6875000,44,20,31,113,0.5866667,0.8496241,0.6330935,0.7181454,0.8385027,0.0372647
reliefF,29,smote,0.7403846,0.6329114,50,29,25,104,0.6666667,0.7819549,0.6493506,0.7243108,0.8479798,0.0099241
surf,20,smote,0.7596154,0.6543210,53,28,22,105,0.7066667,0.7894737,0.6794872,0.7480702,0.8557932,0.0517008
multisurf,29,smote,0.7163462,0.6111111,44,28,31,105,0.5866667,0.7894737,0.5986395,0.6880702,0.8555556,0.0506033
