Selection Method,n_features,balancing,accuracy,precision,TP,FP,FN,TN,sensitivity,specificity,f1,auc_test,auc_cv,std_auc_cv
f_test,29,smote,0.6875000,0.5781250,37,27,38,106,0.4933333,0.7969925,0.5323741,0.6451629,0.6997326,0.0507132
mutual_info,25,smote,0.7019231,0.6140351,35,22,40,111,0.4666667,0.8345865,0.5303030,0.6506266,0.7229947,0.0796467
reliefF,12,smote,0.7115385,0.6363636,35,20,40,113,0.4666667,0.8496241,0.5384615,0.6581454,0.7247178,0.0966184
surf,8,smote,0.7259615,0.6406250,41,23,34,110,0.5466667,0.8270677,0.5899281,0.6868672,0.7352050,0.0620915
multisurf,27,smote,0.7115385,0.6229508,38,23,37,110,0.5066667,0.8270677,0.5588235,0.6668672,0.7558824,0.0432759
