Selection Method,n_features,balancing,accuracy,precision,TP,FP,FN,TN,sensitivity,specificity,f1,auc_test,auc_cv,std_auc_cv
f_test,20,smote,0.7115385,0.6595745,31,16,44,117,0.4133333,0.8796992,0.5081967,0.6465163,0.8194296,0.0346866
mutual_info,28,smote,0.7211538,0.6888889,31,14,44,119,0.4133333,0.8947368,0.5166667,0.6540351,0.7987522,0.0472880
reliefF,24,smote,0.7067308,0.6590909,29,15,46,118,0.3866667,0.8872180,0.4873950,0.6369424,0.7987522,0.0523899
surf,5,smote,0.7259615,0.7250000,29,11,46,122,0.3866667,0.9172932,0.5043478,0.6519799,0.8222816,0.0277789
multisurf,24,smote,0.7163462,0.6739130,31,15,44,118,0.4133333,0.8872180,0.5123967,0.6502757,0.8193405,0.0206566
