Selection Method,n_features,accuracy,precision,TP,FP,FN,TN,sensitivity,specificity,f1,auc_test,auc_cv,std_auc_cv
f_test,26,0.8173077,0.7761194,52,15,23,118,0.6933333,0.8872180,0.7323944,0.7902757,0.8278075,0.0351091
mutual_info,14,0.8269231,0.7671233,56,17,19,116,0.7466667,0.8721805,0.7567568,0.8094236,0.8331848,0.0597029
reliefF,26,0.7692308,0.7288136,43,16,32,117,0.5733333,0.8796992,0.6417910,0.7265163,0.8244504,0.0270614
surf,25,0.7884615,0.7066667,53,22,22,111,0.7066667,0.8345865,0.7066667,0.7706266,0.8422757,0.0337024
multisurf,26,0.7644231,0.6756757,50,24,25,109,0.6666667,0.8195489,0.6711409,0.7431078,0.8360368,0.0431576
