Selection Method,n_features,accuracy,precision,TP,FP,FN,TN,sensitivity,specificity,f1,auc_test,auc_cv,std_auc_cv
f_test,21,0.7836538,0.7027027,52,22,23,111,0.6933333,0.8345865,0.6979866,0.7639599,0.8457219,0.0319222
mutual_info,29,0.7836538,0.7343750,47,17,28,116,0.6266667,0.8721805,0.6762590,0.7494236,0.8571598,0.0396610
reliefF,25,0.7884615,0.7183099,51,20,24,113,0.6800000,0.8496241,0.6986301,0.7648120,0.8360665,0.0438956
surf,16,0.8028846,0.7656250,49,15,26,118,0.6533333,0.8872180,0.7050360,0.7702757,0.8454843,0.0342908
multisurf,26,0.7932692,0.7352941,50,18,25,115,0.6666667,0.8646617,0.6993007,0.7656642,0.8566548,0.0268059
