Selection Method,n_features,accuracy,precision,TP,FP,FN,TN,sensitivity,specificity,f1,auc_test,auc_cv,std_auc_cv
f_test,8,0.7067308,0.6296296,34,20,41,113,0.4533333,0.8496241,0.5271318,0.6514787,0.7306595,0.0647777
mutual_info,4,0.6875000,0.6000000,30,20,45,113,0.4000000,0.8496241,0.4800000,0.6248120,0.7285502,0.0553158
reliefF,8,0.7115385,0.6530612,32,17,43,116,0.4266667,0.8721805,0.5161290,0.6494236,0.7283720,0.0530680
surf,5,0.6923077,0.6170213,29,18,46,115,0.3866667,0.8646617,0.4754098,0.6256642,0.7136958,0.0714028
multisurf,6,0.6923077,0.5932203,35,24,40,109,0.4666667,0.8195489,0.5223881,0.6431078,0.7157754,0.0374590
