Selection Method,n_features,balancing,accuracy,precision,TP,FP,FN,TN,sensitivity,specificity,f1,auc_test,auc_cv,std_auc_cv
f_test,26,smote,0.7548077,0.7142857,40,16,35,117,0.5333333,0.8796992,0.6106870,0.7065163,0.8589127,0.0301646
mutual_info,29,smote,0.7740385,0.7800000,39,11,36,122,0.5200000,0.9172932,0.6240000,0.7186466,0.8480689,0.0295322
reliefF,28,smote,0.7548077,0.7068966,41,17,34,116,0.5466667,0.8721805,0.6165414,0.7094236,0.8364528,0.0581758
surf,23,smote,0.7548077,0.6538462,51,27,24,106,0.6800000,0.7969925,0.6666667,0.7384962,0.8445336,0.0319932
multisurf,27,smote,0.7355769,0.6612903,41,21,34,112,0.5466667,0.8421053,0.5985401,0.6943860,0.8480095,0.0233704
