Selection Method,n_features,accuracy,precision,TP,FP,FN,TN,sensitivity,specificity,f1,auc_test,auc_cv,std_auc_cv
f_test,5,0.6634615,0.5490196,28,23,47,110,0.3733333,0.8270677,0.4444444,0.6002005,0.6972074,0.0472745
mutual_info,14,0.5769231,0.4155844,32,45,43,88,0.4266667,0.6616541,0.4210526,0.5441604,0.7158645,0.0470117
reliefF,10,0.7211538,0.6349206,40,23,35,110,0.5333333,0.8270677,0.5797101,0.6802005,0.7105466,0.0533502
surf,12,0.6634615,0.5471698,29,24,46,109,0.3866667,0.8195489,0.4531250,0.6031078,0.7132204,0.0778173
multisurf,10,0.6971154,0.5833333,42,30,33,103,0.5600000,0.7744361,0.5714286,0.6672180,0.7176173,0.0832921
