Selection Method,n_features,balancing,accuracy,precision,TP,FP,FN,TN,sensitivity,specificity,f1,auc_test,auc_cv,std_auc_cv
f_test,22,smote,0.7644231,0.6969697,46,20,29,113,0.6133333,0.8496241,0.6524823,0.7314787,0.8327986,0.0272986
mutual_info,22,smote,0.7644231,0.7096774,44,18,31,115,0.5866667,0.8646617,0.6423358,0.7256642,0.8385918,0.0333212
reliefF,22,smote,0.7836538,0.7500000,45,15,30,118,0.6000000,0.8872180,0.6666667,0.7436090,0.8360665,0.0443932
surf,22,smote,0.7500000,0.6716418,45,22,30,111,0.6000000,0.8345865,0.6338028,0.7172932,0.8331254,0.0543084
multisurf,22,smote,0.7692308,0.7014925,47,20,28,113,0.6266667,0.8496241,0.6619718,0.7381454,0.8360665,0.0346042
