Selection Method,n_features,accuracy,precision,TP,FP,FN,TN,sensitivity,specificity,f1,auc_test,auc_cv,std_auc_cv
f_test,29,0.7451923,0.7291667,35,13,40,120,0.4666667,0.9022556,0.5691057,0.6844612,0.8336304,0.0285837
mutual_info,11,0.7163462,0.6290323,39,23,36,110,0.5200000,0.8270677,0.5693431,0.6735338,0.8420380,0.0428397
reliefF,26,0.7500000,0.7346939,36,13,39,120,0.4800000,0.9022556,0.5806452,0.6911278,0.8218657,0.0288060
surf,4,0.7163462,0.6600000,33,17,42,116,0.4400000,0.8721805,0.5280000,0.6560902,0.8453060,0.0362054
multisurf,29,0.7115385,0.6271186,37,22,38,111,0.4933333,0.8345865,0.5522388,0.6639599,0.8215983,0.0332465
