Selection Method,n_features,accuracy,precision,TP,FP,FN,TN,sensitivity,specificity,f1,auc_test,auc_cv,std_auc_cv
f_test,4,0.7067308,0.6296296,34,20,41,113,0.4533333,0.8496241,0.5271318,0.6514787,0.7251040,0.0325328
mutual_info,12,0.6826923,0.5737705,35,26,40,107,0.4666667,0.8045113,0.5147059,0.6355890,0.7161913,0.0329943
reliefF,4,0.7067308,0.6296296,34,20,41,113,0.4533333,0.8496241,0.5271318,0.6514787,0.7250149,0.0296007
surf,3,0.7115385,0.6666667,30,15,45,118,0.4000000,0.8872180,0.5000000,0.6436090,0.7019014,0.0460274
multisurf,15,0.7355769,0.6785714,38,18,37,115,0.5066667,0.8646617,0.5801527,0.6856642,0.7135769,0.0323327
