Selection Method,n_features,accuracy,precision,TP,FP,FN,TN,sensitivity,specificity,f1,auc_test,auc_cv,std_auc_cv
f_test,13,0.6538462,0.5223881,35,32,40,101,0.4666667,0.7593985,0.4929577,0.6130326,0.7420083,0.0698999
mutual_info,15,0.6730769,0.5573770,34,27,41,106,0.4533333,0.7969925,0.5000000,0.6251629,0.7338384,0.0668412
reliefF,14,0.6634615,0.5384615,35,30,40,103,0.4666667,0.7744361,0.5000000,0.6205514,0.7335116,0.0706903
surf,13,0.6971154,0.6111111,33,21,42,112,0.4400000,0.8421053,0.5116279,0.6410526,0.7291444,0.0410441
multisurf,15,0.6730769,0.5573770,34,27,41,106,0.4533333,0.7969925,0.5000000,0.6251629,0.7338384,0.0668412
