Selection Method,n_features,accuracy,precision,TP,FP,FN,TN,sensitivity,specificity,f1,auc_test,auc_cv,std_auc_cv
f_test,8,0.7115385,0.6595745,31,16,44,117,0.4133333,0.8796992,0.5081967,0.6465163,0.7308378,0.0395385
mutual_info,9,0.6923077,0.6279070,27,16,48,117,0.3600000,0.8796992,0.4576271,0.6198496,0.7313725,0.0326286
reliefF,5,0.7115385,0.6595745,31,16,44,117,0.4133333,0.8796992,0.5081967,0.6465163,0.7365419,0.0436687
surf,8,0.7115385,0.6595745,31,16,44,117,0.4133333,0.8796992,0.5081967,0.6465163,0.7395722,0.0468551
multisurf,10,0.7211538,0.6888889,31,14,44,119,0.4133333,0.8947368,0.5166667,0.6540351,0.7397504,0.0514470
