Selection Method,n_features,balancing,accuracy,precision,TP,FP,FN,TN,sensitivity,specificity,f1,auc_test,auc_cv,std_auc_cv
f_test,23,smote,0.7836538,0.6923077,54,24,21,109,0.7200000,0.8195489,0.7058824,0.7697744,0.8599228,0.0311435
mutual_info,26,smote,0.7067308,0.5897436,46,32,29,101,0.6133333,0.7593985,0.6013072,0.6863659,0.8537136,0.0285665
reliefF,25,smote,0.7932692,0.7000000,56,24,19,109,0.7466667,0.8195489,0.7225806,0.7831078,0.8450386,0.0317517
surf,25,smote,0.6923077,0.5733333,43,32,32,101,0.5733333,0.7593985,0.5733333,0.6663659,0.8650624,0.0313181
multisurf,19,smote,0.7211538,0.6024096,50,33,25,100,0.6666667,0.7518797,0.6329114,0.7092732,0.8647950,0.0430405
