Selection Method,n_features,balancing,accuracy,precision,TP,FP,FN,TN,sensitivity,specificity,f1,auc_test,auc_cv,std_auc_cv
f_test,3,smote,0.7019231,0.6326531,31,18,44,115,0.4133333,0.8646617,0.5000000,0.6389975,0.7342543,0.0496383
mutual_info,23,smote,0.6538462,0.5211268,37,34,38,99,0.4933333,0.7443609,0.5068493,0.6188471,0.7326203,0.0556131
reliefF,3,smote,0.7019231,0.6226415,33,20,42,113,0.4400000,0.8496241,0.5156250,0.6448120,0.7519014,0.0251426
surf,17,smote,0.6394231,0.5000000,40,40,35,93,0.5333333,0.6992481,0.5161290,0.6162907,0.7483660,0.0593055
multisurf,25,smote,0.6538462,0.5223881,35,32,40,101,0.4666667,0.7593985,0.4929577,0.6130326,0.7419786,0.0544001
