Selection Method,n_features,accuracy,precision,TP,FP,FN,TN,sensitivity,specificity,f1,auc_test,auc_cv,std_auc_cv
f_test,11,0.6730769,0.5573770,34,27,41,106,0.4533333,0.7969925,0.5000000,0.6251629,0.7392157,0.0487950
mutual_info,14,0.7355769,0.6666667,40,20,35,113,0.5333333,0.8496241,0.5925926,0.6914787,0.7409685,0.0469095
reliefF,8,0.6682692,0.5517241,32,26,43,107,0.4266667,0.8045113,0.4812030,0.6155890,0.7365419,0.0450221
surf,10,0.7355769,0.6923077,36,16,39,117,0.4800000,0.8796992,0.5669291,0.6798496,0.7265003,0.0598829
multisurf,15,0.7259615,0.6500000,39,21,36,112,0.5200000,0.8421053,0.5777778,0.6810526,0.7379382,0.0483458
