Selection Method,n_features,balancing,accuracy,precision,TP,FP,FN,TN,sensitivity,specificity,f1,auc_test,auc_cv,std_auc_cv
f_test,22,smote,0.7980769,0.7462687,50,17,25,116,0.6666667,0.8721805,0.7042254,0.7694236,0.8542187,0.0572360
mutual_info,23,smote,0.8076923,0.7611940,51,16,24,117,0.6800000,0.8796992,0.7183099,0.7798496,0.8392751,0.0494274
reliefF,12,smote,0.8221154,0.7794118,53,15,22,118,0.7066667,0.8872180,0.7412587,0.7969424,0.8448901,0.0285363
surf,15,smote,0.7980769,0.7260274,53,20,22,113,0.7066667,0.8496241,0.7162162,0.7781454,0.8459002,0.0278075
multisurf,26,smote,0.7884615,0.7384615,48,17,27,116,0.6400000,0.8721805,0.6857143,0.7560902,0.8451575,0.0316006
