Selection Method,n_features,accuracy,precision,TP,FP,FN,TN,sensitivity,specificity,f1,auc_test,auc_cv,std_auc_cv
f_test,24,0.8317308,0.7941176,54,14,21,119,0.7200000,0.8947368,0.7552448,0.8073684,0.8396019,0.0281782
mutual_info,25,0.8221154,0.8064516,50,12,25,121,0.6666667,0.9097744,0.7299270,0.7882206,0.8396019,0.0310970
reliefF,20,0.8317308,0.7941176,54,14,21,119,0.7200000,0.8947368,0.7552448,0.8073684,0.8455734,0.0460517
surf,26,0.8173077,0.7846154,51,14,24,119,0.6800000,0.8947368,0.7285714,0.7873684,0.8395128,0.0175238
multisurf,11,0.8173077,0.8032787,49,12,26,121,0.6533333,0.9097744,0.7205882,0.7815539,0.8424540,0.0278780
