Selection Method,n_features,accuracy,precision,TP,FP,FN,TN,sensitivity,specificity,f1,auc_test,auc_cv,std_auc_cv
f_test,14,0.6470588,0.5079365,32,31,41,100,0.4383562,0.7633588,0.4705882,0.6008575,0.7246881,0.0769374
mutual_info,10,0.4852941,0.3461538,36,68,37,63,0.4931507,0.4809160,0.4067797,0.4870334,0.7519942,0.0626125
reliefF,15,0.5392157,0.3703704,30,51,43,80,0.4109589,0.6106870,0.3896104,0.5108230,0.7233122,0.0533057
surf,8,0.6715686,0.5600000,28,22,45,109,0.3835616,0.8320611,0.4552846,0.6078114,0.7334949,0.0678535
multisurf,11,0.6421569,0.5000000,31,31,42,100,0.4246575,0.7633588,0.4592593,0.5940082,0.7454490,0.0403137
