Selection Method,n_features,accuracy,precision,TP,FP,FN,TN,sensitivity,specificity,f1,auc_test,auc_cv,std_auc_cv
f_test,28,0.7788462,0.7042254,50,21,25,112,0.6666667,0.8421053,0.6849315,0.7543860,0.8665775,0.0201840
mutual_info,30,0.7884615,0.7313433,49,18,26,115,0.6533333,0.8646617,0.6901408,0.7589975,0.8635472,0.0209843
reliefF,29,0.7836538,0.7142857,50,20,25,113,0.6666667,0.8496241,0.6896552,0.7581454,0.8636364,0.0162078
surf,28,0.8125000,0.7727273,51,15,24,118,0.6800000,0.8872180,0.7234043,0.7836090,0.8665775,0.0331577
multisurf,30,0.7884615,0.7313433,49,18,26,115,0.6533333,0.8646617,0.6901408,0.7589975,0.8635472,0.0209843
