Selection Method,n_features,accuracy,precision,TP,FP,FN,TN,sensitivity,specificity,f1,auc_test,auc_cv,std_auc_cv
f_test,19,0.8076923,0.7611940,51,16,24,117,0.6800000,0.8796992,0.7183099,0.7798496,0.8631907,0.0456072
mutual_info,19,0.8076923,0.7611940,51,16,24,117,0.6800000,0.8796992,0.7183099,0.7798496,0.8691622,0.0426232
reliefF,19,0.7884615,0.7246377,50,19,25,114,0.6666667,0.8571429,0.6944444,0.7619048,0.8632799,0.0381305
surf,19,0.7980769,0.7462687,50,17,25,116,0.6666667,0.8721805,0.7042254,0.7694236,0.8635175,0.0567387
multisurf,19,0.8076923,0.7692308,50,15,25,118,0.6666667,0.8872180,0.7142857,0.7769424,0.8662210,0.0410760
