Selection Method,n_features,accuracy,precision,TP,FP,FN,TN,sensitivity,specificity,f1,auc_test,auc_cv,std_auc_cv
f_test,16,0.7500000,0.6575342,48,25,27,108,0.6400000,0.8120301,0.6486486,0.7260150,0.8307784,0.0504489
mutual_info,10,0.8125000,0.8103448,47,11,28,122,0.6266667,0.9172932,0.7067669,0.7719799,0.8136958,0.0269462
reliefF,18,0.7980769,0.7796610,46,13,29,120,0.6133333,0.9022556,0.6865672,0.7577945,0.8161319,0.0352096
surf,8,0.8125000,0.8000000,48,12,27,121,0.6400000,0.9097744,0.7111111,0.7748872,0.8213310,0.0322859
multisurf,15,0.7451923,0.6527778,47,25,28,108,0.6266667,0.8120301,0.6394558,0.7193484,0.8158645,0.0244529
