Selection Method,n_features,balancing,accuracy,precision,TP,FP,FN,TN,sensitivity,specificity,f1,auc_test,auc_cv,std_auc_cv
f_test,22,smote,0.6586538,0.5238095,44,40,31,93,0.5866667,0.6992481,0.5534591,0.6429574,0.7705288,0.0390882
mutual_info,24,smote,0.6875000,0.5641026,44,34,31,99,0.5866667,0.7443609,0.5751634,0.6655138,0.7886215,0.0174442
reliefF,24,smote,0.6586538,0.5227273,46,42,29,91,0.6133333,0.6842105,0.5644172,0.6487719,0.7828877,0.0296128
surf,25,smote,0.6586538,0.5227273,46,42,29,91,0.6133333,0.6842105,0.5644172,0.6487719,0.7828877,0.0281143
multisurf,24,smote,0.6682692,0.5375000,43,37,32,96,0.5733333,0.7218045,0.5548387,0.6475689,0.7829768,0.0307635
