Selection Method,n_features,accuracy,precision,TP,FP,FN,TN,sensitivity,specificity,f1,auc_test,auc_cv,std_auc_cv
f_test,5,0.6225490,0.4655172,27,31,46,100,0.3698630,0.7633588,0.4122137,0.5666109,0.7341466,0.0527217
mutual_info,10,0.5784314,0.4252874,37,50,36,81,0.5068493,0.6183206,0.4625000,0.5625850,0.7486687,0.0548126
reliefF,4,0.6176471,0.4590164,28,33,45,98,0.3835616,0.7480916,0.4179104,0.5658266,0.7219307,0.0534958
surf,15,0.6078431,0.4507042,32,39,41,92,0.4383562,0.7022901,0.4444444,0.5703231,0.7246658,0.0639290
multisurf,12,0.5882353,0.4408602,41,52,32,79,0.5616438,0.6030534,0.4939759,0.5823486,0.7337790,0.0567411
