Selection Method,n_features,accuracy,precision,TP,FP,FN,TN,sensitivity,specificity,f1,auc_test,auc_cv,std_auc_cv
f_test,27,0.7788462,0.7457627,44,15,31,118,0.5866667,0.8872180,0.6567164,0.7369424,0.8691028,0.0187485
mutual_info,27,0.8028846,0.7931034,46,12,29,121,0.6133333,0.9097744,0.6917293,0.7615539,0.8808675,0.0186175
reliefF,27,0.7932692,0.7758621,45,13,30,120,0.6000000,0.9022556,0.6766917,0.7511278,0.8809566,0.0113562
surf,26,0.8125000,0.8214286,46,10,29,123,0.6133333,0.9248120,0.7022901,0.7690727,0.8838978,0.0131065
multisurf,26,0.8028846,0.7833333,47,13,28,120,0.6266667,0.9022556,0.6962963,0.7644612,0.8838978,0.0227552
