Selection Method,n_features,balancing,accuracy,precision,TP,FP,FN,TN,sensitivity,specificity,f1,auc_test,auc_cv,std_auc_cv
f_test,30,smote,0.7259615,0.6125000,49,31,26,102,0.6533333,0.7669173,0.6322581,0.7101253,0.8398396,0.0378023
mutual_info,17,smote,0.7548077,0.6714286,47,23,28,110,0.6266667,0.8270677,0.6482759,0.7268672,0.8565062,0.0332969
reliefF,35,smote,0.7500000,0.6575342,48,25,27,108,0.6400000,0.8120301,0.6486486,0.7260150,0.8387701,0.0605506
surf,39,smote,0.7644231,0.6710526,51,25,24,108,0.6800000,0.8120301,0.6754967,0.7460150,0.8416221,0.0577445
multisurf,36,smote,0.8125000,0.7727273,51,15,24,118,0.6800000,0.8872180,0.7234043,0.7836090,0.8388295,0.0422916
