Selection Method,n_features,accuracy,precision,TP,FP,FN,TN,sensitivity,specificity,f1,auc_test,auc_cv,std_auc_cv
f_test,26,0.7355769,0.7000000,35,15,40,118,0.4666667,0.8872180,0.5600000,0.6769424,0.8546346,0.0543383
mutual_info,26,0.7307692,0.7209302,31,12,44,121,0.4133333,0.9097744,0.5254237,0.6615539,0.8571004,0.0251611
reliefF,29,0.7307692,0.7317073,30,11,45,122,0.4000000,0.9172932,0.5172414,0.6586466,0.8488414,0.0331407
surf,17,0.7115385,0.6595745,31,16,44,117,0.4133333,0.8796992,0.5081967,0.6465163,0.8403446,0.0225128
multisurf,28,0.7403846,0.7142857,35,14,40,119,0.4666667,0.8947368,0.5645161,0.6807018,0.8488414,0.0342684
