Selection Method,n_features,balancing,accuracy,precision,TP,FP,FN,TN,sensitivity,specificity,f1,auc_test,auc_cv,std_auc_cv
f_test,17,smote,0.6057692,0.4313725,22,29,53,104,0.2933333,0.7819549,0.3492063,0.5376441,0.8304219,0.0264730
mutual_info,29,smote,0.7355769,0.6923077,36,16,39,117,0.4800000,0.8796992,0.5669291,0.6798496,0.8145573,0.0825353
reliefF,14,smote,0.7259615,0.6800000,34,16,41,117,0.4533333,0.8796992,0.5440000,0.6665163,0.8189245,0.0348010
surf,21,smote,0.6875000,0.5781250,37,27,38,106,0.4933333,0.7969925,0.5323741,0.6451629,0.8247772,0.0457606
multisurf,29,smote,0.6778846,0.5526316,42,34,33,99,0.5600000,0.7443609,0.5562914,0.6521805,0.8220143,0.0297082
