Selection Method,n_features,balancing,accuracy,precision,TP,FP,FN,TN,sensitivity,specificity,f1,auc_test,auc_cv,std_auc_cv
f_test,25,smote,0.7355769,0.6666667,40,20,35,113,0.5333333,0.8496241,0.5925926,0.6914787,0.8573381,0.0378417
mutual_info,28,smote,0.7259615,0.6551724,38,20,37,113,0.5066667,0.8496241,0.5714286,0.6781454,0.8368093,0.0656654
reliefF,23,smote,0.7644231,0.7241379,42,16,33,117,0.5600000,0.8796992,0.6315789,0.7198496,0.8391860,0.0603013
surf,27,smote,0.7355769,0.6785714,38,18,37,115,0.5066667,0.8646617,0.5801527,0.6856642,0.8426322,0.0228748
multisurf,28,smote,0.7403846,0.6981132,37,16,38,117,0.4933333,0.8796992,0.5781250,0.6865163,0.8422163,0.0551160
