Selection Method,n_features,balancing,accuracy,precision,TP,FP,FN,TN,sensitivity,specificity,f1,auc_test,auc_cv,std_auc_cv
f_test,19,smote,0.7451923,0.6309524,53,31,22,102,0.7066667,0.7669173,0.6666667,0.7367920,0.8562389,0.0183579
mutual_info,28,smote,0.8173077,0.8032787,49,12,26,121,0.6533333,0.9097744,0.7205882,0.7815539,0.8479204,0.0294986
reliefF,29,smote,0.7692308,0.6626506,55,28,20,105,0.7333333,0.7894737,0.6962025,0.7614035,0.8476530,0.0478736
surf,16,smote,0.7644231,0.6666667,52,26,23,107,0.6933333,0.8045113,0.6797386,0.7489223,0.8566548,0.0240098
multisurf,24,smote,0.7548077,0.6500000,52,28,23,105,0.6933333,0.7894737,0.6709677,0.7414035,0.8622103,0.0393808
