Selection Method,n_features,accuracy,precision,TP,FP,FN,TN,sensitivity,specificity,f1,auc_test,auc_cv,std_auc_cv
f_test,6,0.7067308,0.6400000,32,18,43,115,0.4266667,0.8646617,0.5120000,0.6456642,0.7313131,0.0212033
mutual_info,22,0.7211538,0.6734694,33,16,42,117,0.4400000,0.8796992,0.5322581,0.6598496,0.7367796,0.0337743
reliefF,21,0.7163462,0.6538462,34,18,41,115,0.4533333,0.8646617,0.5354331,0.6589975,0.7222519,0.0464845
surf,22,0.7211538,0.6734694,33,16,42,117,0.4400000,0.8796992,0.5322581,0.6598496,0.7081996,0.0371620
multisurf,22,0.7211538,0.6734694,33,16,42,117,0.4400000,0.8796992,0.5322581,0.6598496,0.7256684,0.0334107
