Selection Method,n_features,accuracy,precision,TP,FP,FN,TN,sensitivity,specificity,f1,auc_test,auc_cv,std_auc_cv
f_test,23,0.7115385,0.6190476,39,24,36,109,0.5200000,0.8195489,0.5652174,0.6697744,0.8694296,0.0356373
mutual_info,23,0.7163462,0.6600000,33,17,42,116,0.4400000,0.8721805,0.5280000,0.6560902,0.8749851,0.0217437
reliefF,24,0.7451923,0.6964286,39,17,36,116,0.5200000,0.8721805,0.5954198,0.6960902,0.8691028,0.0227876
surf,23,0.6778846,0.5689655,33,25,42,108,0.4400000,0.8120301,0.4962406,0.6260150,0.8699346,0.0376115
multisurf,23,0.7163462,0.6600000,33,17,42,116,0.4400000,0.8721805,0.5280000,0.6560902,0.8780154,0.0215022
