Selection Method,n_features,balancing,accuracy,precision,TP,FP,FN,TN,sensitivity,specificity,f1,auc_test,auc_cv,std_auc_cv
f_test,23,smote,0.6730769,0.5538462,36,29,39,104,0.4800000,0.7819549,0.5142857,0.6309774,0.7778669,0.0569622
mutual_info,22,smote,0.6586538,0.5243902,43,39,32,94,0.5733333,0.7067669,0.5477707,0.6400501,0.7855912,0.0258864
reliefF,24,smote,0.6826923,0.5542169,46,37,29,96,0.6133333,0.7218045,0.5822785,0.6675689,0.7893642,0.0492966
surf,23,smote,0.7115385,0.5903614,49,34,26,99,0.6533333,0.7443609,0.6202532,0.6988471,0.8038324,0.0228039
multisurf,20,smote,0.6875000,0.5641026,44,34,31,99,0.5866667,0.7443609,0.5751634,0.6655138,0.7891266,0.0323658
