Selection Method,n_features,accuracy,precision,TP,FP,FN,TN,sensitivity,specificity,f1,auc_test,auc_cv,std_auc_cv
f_test,14,0.6826923,0.5762712,34,25,41,108,0.4533333,0.8120301,0.5074627,0.6326817,0.7715983,0.0533221
mutual_info,12,0.6875000,0.5806452,36,26,39,107,0.4800000,0.8045113,0.5255474,0.6422556,0.7573084,0.0463540
reliefF,16,0.7019231,0.6031746,38,25,37,108,0.5066667,0.8120301,0.5507246,0.6593484,0.7716875,0.0483833
surf,11,0.7067308,0.6129032,38,24,37,109,0.5066667,0.8195489,0.5547445,0.6631078,0.7625966,0.0405061
multisurf,9,0.7067308,0.6206897,36,22,39,111,0.4800000,0.8345865,0.5413534,0.6572932,0.7639335,0.0258892
