Selection Method,n_features,accuracy,precision,TP,FP,FN,TN,sensitivity,specificity,f1,auc_test,auc_cv,std_auc_cv
f_test,22,0.6971154,0.6250000,30,18,45,115,0.4000000,0.8646617,0.4878049,0.6323308,0.8272430,0.0249381
mutual_info,20,0.7019231,0.6101695,36,23,39,110,0.4800000,0.8270677,0.5373134,0.6535338,0.8090612,0.0371023
reliefF,19,0.7163462,0.6739130,31,15,44,118,0.4133333,0.8872180,0.5123967,0.6502757,0.8163993,0.0150014
surf,8,0.7163462,0.6481481,35,19,40,114,0.4666667,0.8571429,0.5426357,0.6619048,0.8245395,0.0437505
multisurf,15,0.7403846,0.7058824,36,15,39,118,0.4800000,0.8872180,0.5714286,0.6836090,0.8273321,0.0447535
