Selection Method,n_features,accuracy,precision,TP,FP,FN,TN,sensitivity,specificity,f1,auc_test,auc_cv,std_auc_cv
f_test,4,0.6923077,0.6037736,32,21,43,112,0.4266667,0.8421053,0.5000000,0.6343860,0.7455140,0.0343016
mutual_info,8,0.7067308,0.6346154,33,19,42,114,0.4400000,0.8571429,0.5196850,0.6485714,0.7165181,0.0359758
reliefF,5,0.6971154,0.6153846,32,20,43,113,0.4266667,0.8496241,0.5039370,0.6381454,0.7401367,0.0562592
surf,8,0.7115385,0.6530612,32,17,43,116,0.4266667,0.8721805,0.5161290,0.6494236,0.7255199,0.0495761
multisurf,5,0.7211538,0.6976744,30,13,45,120,0.4000000,0.9022556,0.5084746,0.6511278,0.7167855,0.0317427
