Selection Method,n_features,balancing,accuracy,precision,TP,FP,FN,TN,sensitivity,specificity,f1,auc_test,auc_cv,std_auc_cv
f_test,17,smote,0.7163462,0.6290323,39,23,36,110,0.5200000,0.8270677,0.5693431,0.6735338,0.8615567,0.0529726
mutual_info,29,smote,0.7451923,0.6964286,39,17,36,116,0.5200000,0.8721805,0.5954198,0.6960902,0.8453951,0.0421378
reliefF,17,smote,0.7163462,0.6600000,33,17,42,116,0.4400000,0.8721805,0.5280000,0.6560902,0.8484254,0.0308308
surf,28,smote,0.7548077,0.7068966,41,17,34,116,0.5466667,0.8721805,0.6165414,0.7094236,0.8393048,0.0608752
multisurf,17,smote,0.7163462,0.6428571,36,20,39,113,0.4800000,0.8496241,0.5496183,0.6648120,0.8391860,0.0239498
