Selection Method,n_features,balancing,accuracy,precision,TP,FP,FN,TN,sensitivity,specificity,f1,auc_test,auc_cv,std_auc_cv
f_test,14,adasyn,0.6490385,0.5128205,40,38,35,95,0.5333333,0.7142857,0.5228758,0.6238095,0.7363339,0.0534195
mutual_info,9,kmeans_smote,0.6971154,0.6000000,36,24,39,109,0.4800000,0.8195489,0.5333333,0.6497744,0.7356209,0.0683687
reliefF,15,smote,0.6394231,0.5000000,41,41,34,92,0.5466667,0.6917293,0.5222930,0.6191980,0.7377897,0.0472477
surf,8,kmeans_smote,0.6730769,0.5492958,39,32,36,101,0.5200000,0.7593985,0.5342466,0.6396992,0.7482175,0.0580227
multisurf,4,borderline_smote,0.6153846,0.4742268,46,51,29,82,0.6133333,0.6165414,0.5348837,0.6149373,0.7345811,0.0628949
