Selection Method,n_features,accuracy,precision,TP,FP,FN,TN,sensitivity,specificity,f1,auc_test,auc_cv,std_auc_cv
f_test,28,0.7163462,0.6600000,33,17,42,116,0.4400000,0.8721805,0.5280000,0.6560902,0.8456625,0.0295184
mutual_info,27,0.7259615,0.6800000,34,16,41,117,0.4533333,0.8796992,0.5440000,0.6665163,0.8395128,0.0336931
reliefF,26,0.7451923,0.7291667,35,13,40,120,0.4666667,0.9022556,0.5691057,0.6844612,0.8427213,0.0262700
surf,19,0.7644231,0.7500000,39,13,36,120,0.5200000,0.9022556,0.6141732,0.7111278,0.8510398,0.0423394
multisurf,14,0.7307692,0.6727273,37,18,38,115,0.4933333,0.8646617,0.5692308,0.6789975,0.8510398,0.0372975
