Selection Method,n_features,balancing,accuracy,precision,TP,FP,FN,TN,sensitivity,specificity,f1,auc_test,auc_cv,std_auc_cv
f_test,26,smote,0.8125000,0.7500000,54,18,21,115,0.7200000,0.8646617,0.7346939,0.7923308,0.8518419,0.0507679
mutual_info,20,smote,0.8125000,0.7432432,55,19,20,114,0.7333333,0.8571429,0.7382550,0.7952381,0.8357100,0.0142689
reliefF,18,smote,0.8221154,0.7794118,53,15,22,118,0.7066667,0.8872180,0.7412587,0.7969424,0.8329471,0.0426762
surf,10,smote,0.8221154,0.7794118,53,15,22,118,0.7066667,0.8872180,0.7412587,0.7969424,0.8328580,0.0335504
multisurf,11,smote,0.8028846,0.7656250,49,15,26,118,0.6533333,0.8872180,0.7050360,0.7702757,0.8421866,0.0343334
