Selection Method,n_features,balancing,accuracy,precision,TP,FP,FN,TN,sensitivity,specificity,f1,auc_test,auc_cv,std_auc_cv
f_test,5,adasyn,0.6778846,0.5487805,45,37,30,96,0.6000000,0.7218045,0.5732484,0.6609023,0.7386215,0.0650944
mutual_info,9,smote,0.6442308,0.5070423,36,35,39,98,0.4800000,0.7368421,0.4931507,0.6084211,0.7364825,0.0602453
reliefF,6,adasyn,0.6538462,0.5161290,48,45,27,88,0.6400000,0.6616541,0.5714286,0.6508271,0.7377600,0.0547623
surf,7,borderline_smote,0.6442308,0.5063291,40,39,35,94,0.5333333,0.7067669,0.5194805,0.6200501,0.7316993,0.0394695
multisurf,13,smote,0.6538462,0.5211268,37,34,38,99,0.4933333,0.7443609,0.5068493,0.6188471,0.7357695,0.0579837
