Selection Method,n_features,balancing,accuracy,precision,TP,FP,FN,TN,sensitivity,specificity,f1,auc_test,auc_cv,std_auc_cv
f_test,15,borderline_smote,0.6105769,0.4687500,45,51,30,82,0.6000000,0.6165414,0.5263158,0.6082707,0.7438800,0.0387751
mutual_info,11,borderline_smote,0.6298077,0.4871795,38,40,37,93,0.5066667,0.6992481,0.4967320,0.6029574,0.7499406,0.0113481
reliefF,15,smote,0.6875000,0.5609756,46,36,29,97,0.6133333,0.7293233,0.5859873,0.6713283,0.7475639,0.0511073
surf,15,kmeans_smote,0.6923077,0.5846154,38,27,37,106,0.5066667,0.7969925,0.5428571,0.6518296,0.7523173,0.0364498
multisurf,10,smote,0.6586538,0.5212766,49,45,26,88,0.6533333,0.6616541,0.5798817,0.6574937,0.7676768,0.0237743
