Selection Method,n_features,accuracy,precision,TP,FP,FN,TN,sensitivity,specificity,f1,auc_test,auc_cv,std_auc_cv
f_test,15,0.8076923,0.7777778,49,14,26,119,0.6533333,0.8947368,0.7101449,0.7740351,0.8390969,0.0259618
mutual_info,11,0.8125000,0.7647059,52,16,23,117,0.6933333,0.8796992,0.7272727,0.7865163,0.8482472,0.0310635
reliefF,10,0.8173077,0.8135593,48,11,27,122,0.6400000,0.9172932,0.7164179,0.7786466,0.8394236,0.0131788
surf,14,0.8125000,0.7812500,50,14,25,119,0.6666667,0.8947368,0.7194245,0.7807018,0.8390969,0.0275775
multisurf,12,0.8028846,0.7575758,50,16,25,117,0.6666667,0.8796992,0.7092199,0.7731830,0.8508616,0.0159943
