Selection Method,n_features,balancing,accuracy,precision,TP,FP,FN,TN,sensitivity,specificity,f1,auc_test,auc_cv,std_auc_cv
f_test,21,smote,0.8173077,0.7681159,53,16,22,117,0.7066667,0.8796992,0.7361111,0.7931830,0.8510992,0.0292735
mutual_info,21,smote,0.7644231,0.6585366,54,28,21,105,0.7200000,0.7894737,0.6878981,0.7547368,0.8565657,0.0363845
reliefF,17,smote,0.8317308,0.8030303,53,13,22,120,0.7066667,0.9022556,0.7517730,0.8044612,0.8501783,0.0251195
surf,18,smote,0.7980769,0.7323944,52,19,23,114,0.6933333,0.8571429,0.7123288,0.7752381,0.8565657,0.0200931
multisurf,12,smote,0.7884615,0.7183099,51,20,24,113,0.6800000,0.8496241,0.6986301,0.7648120,0.8576649,0.0254808
