Selection Method,n_features,balancing,accuracy,precision,TP,FP,FN,TN,sensitivity,specificity,f1,auc_test,auc_cv,std_auc_cv
f_test,14,borderline_smote,0.6634615,0.5263158,50,45,25,88,0.6666667,0.6616541,0.5882353,0.6641604,0.7732620,0.0653720
mutual_info,15,borderline_smote,0.6682692,0.5300000,53,47,22,86,0.7066667,0.6466165,0.6057143,0.6766416,0.7792038,0.0471219
reliefF,15,borderline_smote,0.6634615,0.5247525,53,48,22,85,0.7066667,0.6390977,0.6022727,0.6728822,0.7644979,0.0506002
surf,15,adasyn,0.6538462,0.5154639,50,47,25,86,0.6666667,0.6466165,0.5813953,0.6566416,0.7647653,0.0326320
multisurf,15,borderline_smote,0.6682692,0.5300000,53,47,22,86,0.7066667,0.6466165,0.6057143,0.6766416,0.7792038,0.0471219
