Selection Method,n_features,balancing,accuracy,precision,TP,FP,FN,TN,sensitivity,specificity,f1,auc_test,auc_cv,std_auc_cv
f_test,13,smote,0.6490385,0.5151515,34,32,41,101,0.4533333,0.7593985,0.4822695,0.6063659,0.7512181,0.0457209
mutual_info,18,smote,0.6490385,0.5135135,38,36,37,97,0.5066667,0.7293233,0.5100671,0.6179950,0.7595365,0.0298203
reliefF,11,smote,0.6201923,0.4756098,39,43,36,90,0.5200000,0.6766917,0.4968153,0.5983459,0.7505645,0.0641930
surf,21,smote,0.6346154,0.4927536,34,35,41,98,0.4533333,0.7368421,0.4722222,0.5950877,0.7389483,0.0397812
multisurf,8,smote,0.6971154,0.6000000,36,24,39,109,0.4800000,0.8195489,0.5333333,0.6497744,0.7498812,0.0287103
