Selection Method,n_features,balancing,accuracy,precision,TP,FP,FN,TN,sensitivity,specificity,f1,auc_test,auc_cv,std_auc_cv
f_test,18,smote,0.7596154,0.6712329,49,24,26,109,0.6533333,0.8195489,0.6621622,0.7364411,0.8539513,0.0549377
mutual_info,28,smote,0.7788462,0.7101449,49,20,26,113,0.6533333,0.8496241,0.6805556,0.7514787,0.8502674,0.0484245
reliefF,26,smote,0.7259615,0.6216216,46,28,29,105,0.6133333,0.7894737,0.6174497,0.7014035,0.8509210,0.0473665
surf,27,smote,0.7067308,0.6060606,40,26,35,107,0.5333333,0.8045113,0.5673759,0.6689223,0.8482175,0.0631747
multisurf,24,smote,0.7692308,0.7142857,45,18,30,115,0.6000000,0.8646617,0.6521739,0.7323308,0.8538622,0.0538109
