Selection Method,n_features,accuracy,precision,TP,FP,FN,TN,sensitivity,specificity,f1,auc_test,auc_cv,std_auc_cv
f_test,30,0.7692308,0.7014925,47,20,28,113,0.6266667,0.8496241,0.6619718,0.7381454,0.8279857,0.0272777
mutual_info,26,0.7788462,0.7101449,49,20,26,113,0.6533333,0.8496241,0.6805556,0.7514787,0.8365716,0.0211233
reliefF,22,0.8028846,0.7179487,56,22,19,111,0.7466667,0.8345865,0.7320261,0.7906266,0.8217766,0.0315409
surf,16,0.8125000,0.7812500,50,14,25,119,0.6666667,0.8947368,0.7194245,0.7807018,0.8161616,0.0385055
multisurf,30,0.7548077,0.7307692,38,14,37,119,0.5066667,0.8947368,0.5984252,0.7007018,0.8250446,0.0251372
