Selection Method,n_features,accuracy,precision,TP,FP,FN,TN,sensitivity,specificity,f1,auc_test,auc_cv,std_auc_cv
f_test,19,0.8125000,0.8461538,44,8,31,125,0.5866667,0.9398496,0.6929134,0.7632581,0.8195187,0.0310258
mutual_info,21,0.8125000,0.8103448,47,11,28,122,0.6266667,0.9172932,0.7067669,0.7719799,0.8161616,0.0283041
reliefF,29,0.8221154,0.8800000,44,6,31,127,0.5866667,0.9548872,0.7040000,0.7707769,0.8072490,0.0356868
surf,18,0.8076923,0.7966102,47,12,28,121,0.6266667,0.9097744,0.7014925,0.7682206,0.8136364,0.0350262
multisurf,27,0.8173077,0.8363636,46,9,29,124,0.6133333,0.9323308,0.7076923,0.7728321,0.8254011,0.0385872
