Selection Method,n_features,balancing,accuracy,precision,TP,FP,FN,TN,sensitivity,specificity,f1,auc_test,auc_cv,std_auc_cv
f_test,17,smote,0.7692308,0.7368421,42,15,33,118,0.5600000,0.8872180,0.6363636,0.7236090,0.8333928,0.0250389
mutual_info,26,smote,0.7932692,0.7580645,47,15,28,118,0.6266667,0.8872180,0.6861314,0.7569424,0.8272430,0.0426218
reliefF,23,smote,0.7548077,0.7222222,39,15,36,118,0.5200000,0.8872180,0.6046512,0.7036090,0.8302733,0.0218057
surf,29,smote,0.7596154,0.7192982,41,16,34,117,0.5466667,0.8796992,0.6212121,0.7131830,0.8331254,0.0211185
multisurf,24,smote,0.7692308,0.7368421,42,15,33,118,0.5600000,0.8872180,0.6363636,0.7236090,0.8361557,0.0266985
