Selection Method,n_features,balancing,accuracy,precision,TP,FP,FN,TN,sensitivity,specificity,f1,auc_test,auc_cv,std_auc_cv
f_test,20,smote,0.7644231,0.7321429,41,15,34,118,0.5466667,0.8872180,0.6259542,0.7169424,0.8507724,0.0583892
mutual_info,27,smote,0.7692308,0.7213115,44,17,31,116,0.5866667,0.8721805,0.6470588,0.7294236,0.8537136,0.0433507
reliefF,26,smote,0.7596154,0.7118644,42,17,33,116,0.5600000,0.8721805,0.6268657,0.7160902,0.8304219,0.0164563
surf,14,smote,0.7115385,0.6415094,34,19,41,114,0.4533333,0.8571429,0.5312500,0.6552381,0.8253714,0.0182985
multisurf,11,smote,0.7644231,0.7407407,40,14,35,119,0.5333333,0.8947368,0.6201550,0.7140351,0.8449792,0.0254999
