Selection Method,n_features,balancing,accuracy,precision,TP,FP,FN,TN,sensitivity,specificity,f1,auc_test,auc_cv,std_auc_cv
f_test,13,borderline_smote,0.6394231,0.5000000,44,44,31,89,0.5866667,0.6691729,0.5398773,0.6279198,0.7587047,0.0799569
mutual_info,15,adasyn,0.6394231,0.5000000,43,43,32,90,0.5733333,0.6766917,0.5341615,0.6250125,0.7713904,0.0812886
reliefF,15,adasyn,0.6298077,0.4888889,44,46,31,87,0.5866667,0.6541353,0.5333333,0.6204010,0.7654189,0.0776771
surf,15,borderline_smote,0.6586538,0.5227273,46,42,29,91,0.6133333,0.6842105,0.5644172,0.6487719,0.7533274,0.0791076
multisurf,15,adasyn,0.6394231,0.5000000,43,43,32,90,0.5733333,0.6766917,0.5341615,0.6250125,0.7713904,0.0812886
