Selection Method,n_features,balancing,accuracy,precision,TP,FP,FN,TN,sensitivity,specificity,f1,auc_test,auc_cv,std_auc_cv
f_test,21,smote,0.7740385,0.6842105,52,24,23,109,0.6933333,0.8195489,0.6887417,0.7564411,0.8540404,0.0369643
mutual_info,22,smote,0.8269231,0.7671233,56,17,19,116,0.7466667,0.8721805,0.7567568,0.8094236,0.8535354,0.0195296
reliefF,25,smote,0.8125000,0.7307692,57,21,18,112,0.7600000,0.8421053,0.7450980,0.8010526,0.8365419,0.0482811
surf,25,smote,0.7932692,0.7105263,54,22,21,111,0.7200000,0.8345865,0.7152318,0.7772932,0.8389780,0.0387375
multisurf,12,smote,0.8173077,0.7466667,56,19,19,114,0.7466667,0.8571429,0.7466667,0.8019048,0.8419489,0.0226426
