Selection Method,n_features,balancing,accuracy,precision,TP,FP,FN,TN,sensitivity,specificity,f1,auc_test,auc_cv,std_auc_cv
f_test,26,smote,0.6586538,0.5370370,29,25,46,108,0.3866667,0.8120301,0.4496124,0.5993484,0.8244504,0.0325172
mutual_info,27,smote,0.7115385,0.6027397,44,29,31,104,0.5866667,0.7819549,0.5945946,0.6843108,0.8064765,0.0129557
reliefF,23,smote,0.7067308,0.6206897,36,22,39,111,0.4800000,0.8345865,0.5413534,0.6572932,0.8187166,0.0638904
surf,12,smote,0.7307692,0.6610169,39,20,36,113,0.5200000,0.8496241,0.5820896,0.6848120,0.8166964,0.0388147
multisurf,27,smote,0.7115385,0.6086957,42,27,33,106,0.5600000,0.7969925,0.5833333,0.6784962,0.8193999,0.0476059
