Selection Method,n_features,accuracy,precision,TP,FP,FN,TN,sensitivity,specificity,f1,auc_test,auc_cv,std_auc_cv
f_test,26,0.7596154,0.7551020,37,12,38,121,0.4933333,0.9097744,0.5967742,0.7015539,0.8602793,0.0195372
mutual_info,25,0.7451923,0.7037037,38,16,37,117,0.5066667,0.8796992,0.5891473,0.6931830,0.8426322,0.0159140
reliefF,29,0.7355769,0.7000000,35,15,40,118,0.4666667,0.8872180,0.5600000,0.6769424,0.8488414,0.0178818
surf,29,0.7211538,0.6545455,36,19,39,114,0.4800000,0.8571429,0.5538462,0.6685714,0.8630422,0.0167409
multisurf,23,0.7451923,0.7115385,37,15,38,118,0.4933333,0.8872180,0.5826772,0.6902757,0.8569222,0.0235285
