Selection Method,n_features,accuracy,precision,TP,FP,FN,TN,sensitivity,specificity,f1,auc_test,auc_cv,std_auc_cv
f_test,21,0.6442308,0.5094340,27,26,48,107,0.3600000,0.8045113,0.4218750,0.5822556,0.8099822,0.0278135
mutual_info,9,0.7644231,0.7826087,36,10,39,123,0.4800000,0.9248120,0.5950413,0.7024060,0.8309269,0.0309458
reliefF,18,0.6730769,0.5813953,25,18,50,115,0.3333333,0.8646617,0.4237288,0.5989975,0.8226976,0.0340954
surf,11,0.6634615,0.5510204,27,22,48,111,0.3600000,0.8345865,0.4354839,0.5972932,0.8102496,0.0415165
multisurf,15,0.6730769,0.5522388,37,30,38,103,0.4933333,0.7744361,0.5211268,0.6338847,0.8167855,0.0634363
