Selection Method,n_features,balancing,accuracy,precision,TP,FP,FN,TN,sensitivity,specificity,f1,auc_test,auc_cv,std_auc_cv
f_test,15,smote,0.7019231,0.6065574,37,24,38,109,0.4933333,0.8195489,0.5441176,0.6564411,0.7436720,0.0328603
mutual_info,12,borderline_smote,0.7403846,0.7142857,35,14,40,119,0.4666667,0.8947368,0.5645161,0.6807018,0.7436720,0.0623481
reliefF,15,smote,0.7019231,0.6065574,37,24,38,109,0.4933333,0.8195489,0.5441176,0.6564411,0.7495544,0.0402858
surf,14,adasyn,0.6875000,0.5806452,36,26,39,107,0.4800000,0.8045113,0.5255474,0.6422556,0.7436720,0.0554260
multisurf,15,adasyn,0.7115385,0.6415094,34,19,41,114,0.4533333,0.8571429,0.5312500,0.6552381,0.7320856,0.0536164
