Selection Method,n_features,accuracy,precision,TP,FP,FN,TN,sensitivity,specificity,f1,auc_test,auc_cv,std_auc_cv
f_test,8,0.6682692,0.5454545,36,30,39,103,0.4800000,0.7744361,0.5106383,0.6272180,0.7338384,0.0749626
mutual_info,8,0.6682692,0.5454545,36,30,39,103,0.4800000,0.7744361,0.5106383,0.6272180,0.7449495,0.0897188
reliefF,8,0.6682692,0.5454545,36,30,39,103,0.4800000,0.7744361,0.5106383,0.6272180,0.7338384,0.0749626
surf,8,0.6682692,0.5454545,36,30,39,103,0.4800000,0.7744361,0.5106383,0.6272180,0.7337493,0.0703734
multisurf,8,0.6682692,0.5468750,35,29,40,104,0.4666667,0.7819549,0.5035971,0.6243108,0.7276887,0.0805557
