Selection Method,n_features,balancing,accuracy,precision,TP,FP,FN,TN,sensitivity,specificity,f1,auc_test,auc_cv,std_auc_cv
f_test,8,smote,0.7019231,0.5970149,40,27,35,106,0.5333333,0.7969925,0.5633803,0.6651629,0.8304219,0.0235905
mutual_info,8,smote,0.7019231,0.5970149,40,27,35,106,0.5333333,0.7969925,0.5633803,0.6651629,0.8304219,0.0235905
reliefF,8,smote,0.7115385,0.6153846,40,25,35,108,0.5333333,0.8120301,0.5714286,0.6726817,0.8184789,0.0315221
surf,7,smote,0.7307692,0.6461538,42,23,33,110,0.5600000,0.8270677,0.6000000,0.6935338,0.8209150,0.0310320
multisurf,7,smote,0.7451923,0.6774194,42,20,33,113,0.5600000,0.8496241,0.6131387,0.7048120,0.8298277,0.0390372
