Selection Method,n_features,accuracy,precision,TP,FP,FN,TN,sensitivity,specificity,f1,auc_test,auc_cv,std_auc_cv
f_test,21,0.7451923,0.6896552,40,18,35,115,0.5333333,0.8646617,0.6015038,0.6989975,0.8013369,0.0278817
mutual_info,21,0.7307692,0.6862745,35,16,40,117,0.4666667,0.8796992,0.5555556,0.6731830,0.8070410,0.0285483
reliefF,19,0.7692308,0.7142857,45,18,30,115,0.6000000,0.8646617,0.6521739,0.7323308,0.7813131,0.0521562
surf,19,0.7548077,0.7000000,42,18,33,115,0.5600000,0.8646617,0.6222222,0.7123308,0.8242127,0.0290364
multisurf,22,0.7644231,0.6969697,46,20,29,113,0.6133333,0.8496241,0.6524823,0.7314787,0.8104278,0.0502990
