Selection Method,n_features,balancing,accuracy,precision,TP,FP,FN,TN,sensitivity,specificity,f1,auc_test,auc_cv,std_auc_cv
f_test,26,smote,0.7788462,0.7042254,50,21,25,112,0.6666667,0.8421053,0.6849315,0.7543860,0.8418598,0.0290888
mutual_info,13,smote,0.7596154,0.7049180,43,18,32,115,0.5733333,0.8646617,0.6323529,0.7189975,0.8359774,0.0256947
reliefF,12,smote,0.7500000,0.7090909,39,16,36,117,0.5200000,0.8796992,0.6000000,0.6998496,0.8390671,0.0513585
surf,4,smote,0.7307692,0.6301370,46,27,29,106,0.6133333,0.7969925,0.6216216,0.7051629,0.8532086,0.0250802
multisurf,22,smote,0.7548077,0.6875000,44,20,31,113,0.5866667,0.8496241,0.6330935,0.7181454,0.8267083,0.0313588
