Selection Method,n_features,balancing,accuracy,precision,TP,FP,FN,TN,sensitivity,specificity,f1,auc_test,auc_cv,std_auc_cv
f_test,27,smote,0.8269231,0.8305085,49,10,26,123,0.6533333,0.9248120,0.7313433,0.7890727,0.8632204,0.0344760
mutual_info,24,smote,0.8269231,0.8196721,50,11,25,122,0.6666667,0.9172932,0.7352941,0.7919799,0.8599525,0.0413657
reliefF,27,smote,0.8221154,0.8275862,48,10,27,123,0.6400000,0.9248120,0.7218045,0.7824060,0.8602793,0.0333265
surf,27,smote,0.8173077,0.8135593,48,11,27,122,0.6400000,0.9172932,0.7164179,0.7786466,0.8573381,0.0357061
multisurf,13,smote,0.8076923,0.7868852,48,13,27,120,0.6400000,0.9022556,0.7058824,0.7711278,0.8573381,0.0223969
