Selection Method,n_features,accuracy,precision,TP,FP,FN,TN,sensitivity,specificity,f1,auc_test,auc_cv,std_auc_cv
f_test,25,0.8269231,0.8545455,47,8,28,125,0.6266667,0.9398496,0.7230769,0.7832581,0.8369281,0.0296900
mutual_info,30,0.8125000,0.8103448,47,11,28,122,0.6266667,0.9172932,0.7067669,0.7719799,0.8428105,0.0308023
reliefF,28,0.8125000,0.8214286,46,10,29,123,0.6133333,0.9248120,0.7022901,0.7690727,0.8427213,0.0261700
surf,27,0.8317308,0.8571429,48,8,27,125,0.6400000,0.9398496,0.7328244,0.7899248,0.8369281,0.0407437
multisurf,30,0.8125000,0.8103448,47,11,28,122,0.6266667,0.9172932,0.7067669,0.7719799,0.8428105,0.0308023
