Selection Method,n_features,accuracy,precision,TP,FP,FN,TN,sensitivity,specificity,f1,auc_test,auc_cv,std_auc_cv
f_test,9,0.6971154,0.6304348,29,17,46,116,0.3866667,0.8721805,0.4793388,0.6294236,0.7340463,0.0459416
mutual_info,9,0.6875000,0.6000000,30,20,45,113,0.4000000,0.8496241,0.4800000,0.6248120,0.7398396,0.0267534
reliefF,10,0.6778846,0.5833333,28,20,47,113,0.3733333,0.8496241,0.4552846,0.6114787,0.7397504,0.0349667
surf,11,0.6923077,0.6078431,31,20,44,113,0.4133333,0.8496241,0.4920635,0.6314787,0.7397504,0.0509037
multisurf,11,0.6923077,0.6078431,31,20,44,113,0.4133333,0.8496241,0.4920635,0.6314787,0.7397504,0.0509037
