Selection Method,n_features,balancing,accuracy,precision,TP,FP,FN,TN,sensitivity,specificity,f1,auc_test,auc_cv,std_auc_cv
f_test,26,smote,0.6634615,0.5316456,42,37,33,96,0.5600000,0.7218045,0.5454545,0.6409023,0.6105466,0.0785572
mutual_info,21,smote,0.6153846,0.4675325,36,41,39,92,0.4800000,0.6917293,0.4736842,0.5858647,0.6320261,0.0751309
reliefF,4,smote,0.6346154,0.4920635,31,32,44,101,0.4133333,0.7593985,0.4492754,0.5863659,0.6422757,0.0677761
surf,29,smote,0.7163462,0.6290323,39,23,36,110,0.5200000,0.8270677,0.5693431,0.6735338,0.6560903,0.0631729
multisurf,21,smote,0.5817308,0.4142857,29,41,46,92,0.3866667,0.6917293,0.4000000,0.5391980,0.6407605,0.0196951
