Selection Method,n_features,accuracy,precision,TP,FP,FN,TN,sensitivity,specificity,f1,auc_test,auc_cv,std_auc_cv
f_test,11,0.6971154,0.5909091,39,27,36,106,0.5200000,0.7969925,0.5531915,0.6584962,0.7658942,0.0702368
mutual_info,15,0.6971154,0.5937500,38,26,37,107,0.5066667,0.8045113,0.5467626,0.6555890,0.7658942,0.0711094
reliefF,10,0.7019231,0.6101695,36,23,39,110,0.4800000,0.8270677,0.5373134,0.6535338,0.7804219,0.0586012
surf,13,0.6826923,0.5671642,38,29,37,104,0.5066667,0.7819549,0.5352113,0.6443108,0.7710933,0.0487122
multisurf,14,0.6682692,0.5468750,35,29,40,104,0.4666667,0.7819549,0.5035971,0.6243108,0.7710933,0.0510508
