Selection Method,n_features,balancing,accuracy,precision,TP,FP,FN,TN,sensitivity,specificity,f1,auc_test,auc_cv,std_auc_cv
f_test,25,smote,0.7403846,0.6615385,43,22,32,111,0.5733333,0.8345865,0.6142857,0.7039599,0.8239453,0.0350654
mutual_info,28,smote,0.7548077,0.6875000,44,20,31,113,0.5866667,0.8496241,0.6330935,0.7181454,0.8239453,0.0261599
reliefF,17,smote,0.7403846,0.6521739,45,24,30,109,0.6000000,0.8195489,0.6250000,0.7097744,0.8239453,0.0261599
surf,17,smote,0.7451923,0.6617647,45,23,30,110,0.6000000,0.8270677,0.6293706,0.7135338,0.8265597,0.0344949
multisurf,12,smote,0.7451923,0.6486486,48,26,27,107,0.6400000,0.8045113,0.6442953,0.7222556,0.8239453,0.0226126
