Selection Method,n_features,balancing,accuracy,precision,TP,FP,FN,TN,sensitivity,specificity,f1,auc_test,auc_cv,std_auc_cv
f_test,17,smote,0.7019231,0.6101695,36,23,39,110,0.4800000,0.8270677,0.5373134,0.6535338,0.8273321,0.0529624
mutual_info,11,smote,0.7115385,0.6153846,40,25,35,108,0.5333333,0.8120301,0.5714286,0.6726817,0.8300059,0.0492942
reliefF,18,smote,0.6730769,0.5614035,32,25,43,108,0.4266667,0.8120301,0.4848485,0.6193484,0.8059121,0.0329156
surf,20,smote,0.6298077,0.4848485,32,34,43,99,0.4266667,0.7443609,0.4539007,0.5855138,0.8162210,0.0354961
multisurf,9,smote,0.7307692,0.6338028,45,26,30,107,0.6000000,0.8045113,0.6164384,0.7022556,0.8103090,0.0526600
