Selection Method,n_features,balancing,accuracy,precision,TP,FP,FN,TN,sensitivity,specificity,f1,auc_test,auc_cv,std_auc_cv
f_test,7,smote,0.5913462,0.4553571,51,61,24,72,0.6800000,0.5413534,0.5454545,0.6106767,0.7503862,0.0463497
mutual_info,5,adasyn,0.6153846,0.4766355,51,56,24,77,0.6800000,0.5789474,0.5604396,0.6294737,0.7531194,0.0243806
reliefF,13,smote,0.6971154,0.5714286,48,36,27,97,0.6400000,0.7293233,0.6037736,0.6846617,0.7504753,0.0515372
surf,9,adasyn,0.6538462,0.5151515,51,48,24,85,0.6800000,0.6390977,0.5862069,0.6595489,0.7603090,0.0678757
multisurf,5,smote,0.6826923,0.5600000,42,33,33,100,0.5600000,0.7518797,0.5600000,0.6559398,0.7530600,0.0588099
