Selection Method,n_features,accuracy,precision,TP,FP,FN,TN,sensitivity,specificity,f1,auc_test,auc_cv,std_auc_cv
f_test,20,0.7451923,0.6833333,41,19,34,114,0.5466667,0.8571429,0.6074074,0.7019048,0.8517825,0.0271106
mutual_info,21,0.7451923,0.6833333,41,19,34,114,0.5466667,0.8571429,0.6074074,0.7019048,0.8664884,0.0370756
reliefF,22,0.7548077,0.7000000,42,18,33,115,0.5600000,0.8646617,0.6222222,0.7123308,0.8517825,0.0197222
surf,21,0.7451923,0.6833333,41,19,34,114,0.5466667,0.8571429,0.6074074,0.7019048,0.8635472,0.0362751
multisurf,21,0.7451923,0.6833333,41,19,34,114,0.5466667,0.8571429,0.6074074,0.7019048,0.8664884,0.0370756
