Selection Method,n_features,balancing,accuracy,precision,TP,FP,FN,TN,sensitivity,specificity,f1,auc_test,auc_cv,std_auc_cv
f_test,20,smote,0.7884615,0.7183099,51,20,24,113,0.6800000,0.8496241,0.6986301,0.7648120,0.8538919,0.0319037
mutual_info,17,smote,0.8028846,0.7297297,54,20,21,113,0.7200000,0.8496241,0.7248322,0.7848120,0.8533868,0.0521333
reliefF,28,smote,0.8221154,0.7714286,54,16,21,117,0.7200000,0.8796992,0.7448276,0.7998496,0.8420380,0.0461473
surf,16,smote,0.8076923,0.7333333,55,20,20,113,0.7333333,0.8496241,0.7333333,0.7914787,0.8534759,0.0374368
multisurf,18,smote,0.7836538,0.7027027,52,22,23,111,0.6933333,0.8345865,0.6979866,0.7639599,0.8446524,0.0586373
