Selection Method,n_features,balancing,accuracy,precision,TP,FP,FN,TN,sensitivity,specificity,f1,auc_test,auc_cv,std_auc_cv
f_test,21,smote,0.7403846,0.7333333,33,12,42,121,0.4400000,0.9097744,0.5500000,0.6748872,0.8427213,0.0327586
mutual_info,28,smote,0.7355769,0.7272727,32,12,43,121,0.4266667,0.9097744,0.5378151,0.6682206,0.8427213,0.0300019
reliefF,21,smote,0.7355769,0.7083333,34,14,41,119,0.4533333,0.8947368,0.5528455,0.6740351,0.8401070,0.0320700
surf,16,smote,0.7403846,0.7333333,33,12,42,121,0.4400000,0.9097744,0.5500000,0.6748872,0.8366607,0.0189699
multisurf,14,smote,0.7307692,0.7209302,31,12,44,121,0.4133333,0.9097744,0.5254237,0.6615539,0.8396910,0.0310910
