Selection Method,n_features,accuracy,precision,TP,FP,FN,TN,sensitivity,specificity,f1,auc_test,auc_cv,std_auc_cv
f_test,15,0.5637255,0.4069767,35,51,38,80,0.4794521,0.6106870,0.4402516,0.5450695,0.7577596,0.0559945
mutual_info,13,0.5735294,0.4239130,39,53,34,78,0.5342466,0.5954198,0.4727273,0.5648332,0.7700702,0.0435177
reliefF,15,0.6519608,0.5200000,26,24,47,107,0.3561644,0.8167939,0.4227642,0.5864791,0.7516043,0.0500108
surf,13,0.5980392,0.4470588,38,47,35,84,0.5205479,0.6412214,0.4810127,0.5808847,0.7612522,0.0681926
multisurf,10,0.5490196,0.3978495,37,56,36,75,0.5068493,0.5725191,0.4457831,0.5396842,0.7614305,0.0818659
