Selection Method,n_features,accuracy,precision,TP,FP,FN,TN,sensitivity,specificity,f1,auc_test,auc_cv,std_auc_cv
f_test,28,0.8028846,0.8035714,45,11,30,122,0.6000000,0.9172932,0.6870229,0.7586466,0.8306892,0.0357834
mutual_info,19,0.8076923,0.8431373,43,8,32,125,0.5733333,0.9398496,0.6825397,0.7565915,0.8253119,0.0464528
reliefF,28,0.7980769,0.7796610,46,13,29,120,0.6133333,0.9022556,0.6865672,0.7577945,0.8309269,0.0382223
surf,6,0.7836538,0.7205882,49,19,26,114,0.6533333,0.8571429,0.6853147,0.7552381,0.8303624,0.0258115
multisurf,27,0.8125000,0.8000000,48,12,27,121,0.6400000,0.9097744,0.7111111,0.7748872,0.8279263,0.0535748
