Selection Method,n_features,accuracy,precision,TP,FP,FN,TN,sensitivity,specificity,f1,auc_test,auc_cv,std_auc_cv
f_test,28,0.7596154,0.6984127,44,19,31,114,0.5866667,0.8571429,0.6376812,0.7219048,0.8304219,0.0468214
mutual_info,28,0.7788462,0.7843137,40,11,35,122,0.5333333,0.9172932,0.6349206,0.7253133,0.8456328,0.0382566
reliefF,29,0.7403846,0.7142857,35,14,40,119,0.4666667,0.8947368,0.5645161,0.6807018,0.8256090,0.0562473
surf,21,0.7692308,0.7872340,37,10,38,123,0.4933333,0.9248120,0.6065574,0.7090727,0.8139335,0.0488498
multisurf,27,0.7451923,0.7291667,35,13,40,120,0.4666667,0.9022556,0.5691057,0.6844612,0.8278075,0.0565968
