Selection Method,n_features,accuracy,precision,TP,FP,FN,TN,sensitivity,specificity,f1,auc_test,auc_cv,std_auc_cv
f_test,25,0.7307692,0.6862745,35,16,40,117,0.4666667,0.8796992,0.5555556,0.6731830,0.8425431,0.0341555
mutual_info,25,0.7307692,0.6727273,37,18,38,115,0.4933333,0.8646617,0.5692308,0.6789975,0.8422163,0.0326103
reliefF,29,0.7596154,0.7358491,39,14,36,119,0.5200000,0.8947368,0.6093750,0.7073684,0.8365716,0.0447581
surf,19,0.7692308,0.7454545,41,14,34,119,0.5466667,0.8947368,0.6307692,0.7207018,0.8424540,0.0347809
multisurf,26,0.7644231,0.7241379,42,16,33,117,0.5600000,0.8796992,0.6315789,0.7198496,0.8453951,0.0247782
