Selection Method,n_features,accuracy,precision,TP,FP,FN,TN,sensitivity,specificity,f1,auc_test,auc_cv,std_auc_cv
f_test,21,0.8028846,0.7931034,46,12,29,121,0.6133333,0.9097744,0.6917293,0.7615539,0.8720440,0.0159414
mutual_info,22,0.7836538,0.7777778,42,12,33,121,0.5600000,0.9097744,0.6511628,0.7348872,0.8683304,0.0304536
reliefF,23,0.8028846,0.8035714,45,11,30,122,0.6000000,0.9172932,0.6870229,0.7586466,0.8689245,0.0225742
surf,22,0.7884615,0.7627119,45,14,30,119,0.6000000,0.8947368,0.6716418,0.7473684,0.8744801,0.0212347
multisurf,21,0.7884615,0.7540984,46,15,29,118,0.6133333,0.8872180,0.6764706,0.7502757,0.8833036,0.0269861
