Selection Method,n_features,balancing,accuracy,precision,TP,FP,FN,TN,sensitivity,specificity,f1,auc_test,auc_cv,std_auc_cv
f_test,21,smote,0.6875000,0.5595238,47,37,28,96,0.6266667,0.7218045,0.5911950,0.6742356,0.7834819,0.0507611
mutual_info,21,smote,0.7019231,0.5783133,48,35,27,98,0.6400000,0.7368421,0.6075949,0.6884211,0.7890374,0.0490420
reliefF,22,smote,0.6826923,0.5542169,46,37,29,96,0.6133333,0.7218045,0.5822785,0.6675689,0.7923054,0.0456322
surf,20,smote,0.6875000,0.5625000,45,35,30,98,0.6000000,0.7368421,0.5806452,0.6684211,0.7893642,0.0317293
multisurf,20,smote,0.6875000,0.5625000,45,35,30,98,0.6000000,0.7368421,0.5806452,0.6684211,0.7887701,0.0579419
