Selection Method,n_features,balancing,accuracy,precision,TP,FP,FN,TN,sensitivity,specificity,f1,auc_test,auc_cv,std_auc_cv
f_test,8,smote,0.7355769,0.6351351,47,27,28,106,0.6266667,0.7969925,0.6308725,0.7118296,0.8117350,0.0458503
mutual_info,7,smote,0.7355769,0.6470588,44,24,31,109,0.5866667,0.8195489,0.6153846,0.7031078,0.8120024,0.0313389
reliefF,5,smote,0.7451923,0.6666667,44,22,31,111,0.5866667,0.8345865,0.6241135,0.7106266,0.8151218,0.0461266
surf,8,smote,0.7548077,0.6875000,44,20,31,113,0.5866667,0.8496241,0.6330935,0.7181454,0.8179739,0.0242060
multisurf,8,smote,0.7403846,0.6615385,43,22,32,111,0.5733333,0.8345865,0.6142857,0.7039599,0.8267974,0.0310472
