Selection Method,n_features,balancing,accuracy,precision,TP,FP,FN,TN,sensitivity,specificity,f1,auc_test,auc_cv,std_auc_cv
f_test,29,smote,0.7211538,0.6491228,37,20,38,113,0.4933333,0.8496241,0.5606061,0.6714787,0.8564765,0.0241976
mutual_info,26,smote,0.7788462,0.8085106,38,9,37,124,0.5066667,0.9323308,0.6229508,0.7194987,0.8528818,0.0272206
reliefF,26,smote,0.7403846,0.6721311,41,20,34,113,0.5466667,0.8496241,0.6029412,0.6981454,0.8294712,0.0359042
surf,12,smote,0.7692308,0.7142857,45,18,30,115,0.6000000,0.8646617,0.6521739,0.7323308,0.8445633,0.0410267
multisurf,20,smote,0.7596154,0.7551020,37,12,38,121,0.4933333,0.9097744,0.5967742,0.7015539,0.8561497,0.0215004
