Selection Method,n_features,accuracy,precision,TP,FP,FN,TN,sensitivity,specificity,f1,auc_test,auc_cv,std_auc_cv
f_test,13,0.6778846,0.5714286,32,24,43,109,0.4266667,0.8195489,0.4885496,0.6231078,0.7223113,0.0367354
mutual_info,15,0.6730769,0.5593220,33,26,42,107,0.4400000,0.8045113,0.4925373,0.6222556,0.7373440,0.0550400
reliefF,13,0.6826923,0.5762712,34,25,41,108,0.4533333,0.8120301,0.5074627,0.6326817,0.7171717,0.0838323
surf,12,0.6923077,0.6000000,33,22,42,111,0.4400000,0.8345865,0.5076923,0.6372932,0.7028223,0.0473265
multisurf,14,0.6826923,0.5789474,33,24,42,109,0.4400000,0.8195489,0.5000000,0.6297744,0.7461676,0.0597006
