Selection Method,n_features,balancing,accuracy,precision,TP,FP,FN,TN,sensitivity,specificity,f1,auc_test,auc_cv,std_auc_cv
f_test,16,borderline_smote,0.6490385,0.5135135,38,36,37,97,0.5066667,0.7293233,0.5100671,0.6179950,0.7585264,0.0231297
mutual_info,16,borderline_smote,0.6201923,0.4803922,49,53,26,80,0.6533333,0.6015038,0.5536723,0.6274185,0.7530600,0.0272556
reliefF,6,adasyn,0.6634615,0.5294118,45,40,30,93,0.6000000,0.6992481,0.5625000,0.6496241,0.7669935,0.0460419
surf,7,adasyn,0.6875000,0.5595238,47,37,28,96,0.6266667,0.7218045,0.5911950,0.6742356,0.7612002,0.0237850
multisurf,9,smote,0.6778846,0.5540541,41,33,34,100,0.5466667,0.7518797,0.5503356,0.6492732,0.7528223,0.0481141
