Selection Method,n_features,balancing,accuracy,precision,TP,FP,FN,TN,sensitivity,specificity,f1,auc_test,auc_cv,std_auc_cv
f_test,26,smote,0.7548077,0.7307692,38,14,37,119,0.5066667,0.8947368,0.5984252,0.7007018,0.8331254,0.0439056
mutual_info,13,smote,0.7548077,0.7142857,40,16,35,117,0.5333333,0.8796992,0.6106870,0.7065163,0.8188354,0.0471123
reliefF,19,smote,0.7596154,0.7358491,39,14,36,119,0.5200000,0.8947368,0.6093750,0.7073684,0.8243910,0.0375815
surf,18,smote,0.7403846,0.7142857,35,14,40,119,0.4666667,0.8947368,0.5645161,0.6807018,0.8360665,0.0494556
multisurf,18,smote,0.7500000,0.7254902,37,14,38,119,0.4933333,0.8947368,0.5873016,0.6940351,0.8302733,0.0395172
