Selection Method,n_features,balancing,accuracy,precision,TP,FP,FN,TN,sensitivity,specificity,f1,auc_test,auc_cv,std_auc_cv
f_test,25,smote,0.6346154,0.4925373,33,34,42,99,0.4400000,0.7443609,0.4647887,0.5921805,0.7306298,0.0549111
mutual_info,27,smote,0.6538462,0.5211268,37,34,38,99,0.4933333,0.7443609,0.5068493,0.6188471,0.7337195,0.0523324
reliefF,26,smote,0.6730769,0.5522388,37,30,38,103,0.4933333,0.7744361,0.5211268,0.6338847,0.7393642,0.0499410
surf,13,smote,0.6730769,0.5507246,38,31,37,102,0.5066667,0.7669173,0.5277778,0.6367920,0.7327392,0.0788873
multisurf,27,smote,0.6538462,0.5211268,37,34,38,99,0.4933333,0.7443609,0.5068493,0.6188471,0.7396910,0.0640517
