Selection Method,n_features,balancing,accuracy,precision,TP,FP,FN,TN,sensitivity,specificity,f1,auc_test,auc_cv,std_auc_cv
f_test,18,smote,0.7692308,0.7076923,46,19,29,114,0.6133333,0.8571429,0.6571429,0.7352381,0.8283422,0.0275881
mutual_info,24,smote,0.7163462,0.6081081,45,29,30,104,0.6000000,0.7819549,0.6040268,0.6909774,0.8326500,0.0447147
reliefF,25,smote,0.7500000,0.6533333,49,26,26,107,0.6533333,0.8045113,0.6533333,0.7289223,0.8367201,0.0347600
surf,25,smote,0.7451923,0.6410256,50,28,25,105,0.6666667,0.7894737,0.6535948,0.7280702,0.8225193,0.0273073
multisurf,12,smote,0.7980769,0.7538462,49,16,26,117,0.6533333,0.8796992,0.7000000,0.7665163,0.8320261,0.0199021
