Selection Method,n_features,accuracy,precision,TP,FP,FN,TN,sensitivity,specificity,f1,auc_test,auc_cv,std_auc_cv
f_test,12,0.5686275,0.4117647,35,50,38,81,0.4794521,0.6183206,0.4430380,0.5488863,0.7281584,0.0435217
mutual_info,8,0.5539216,0.4000000,36,54,37,77,0.4931507,0.5877863,0.4417178,0.5404685,0.7340296,0.0162000
reliefF,10,0.5343137,0.3804348,35,57,38,74,0.4794521,0.5648855,0.4242424,0.5221688,0.7123440,0.0660110
surf,5,0.6470588,0.5081967,31,30,42,101,0.4246575,0.7709924,0.4626866,0.5978250,0.7281584,0.0457651
multisurf,6,0.5441176,0.3936170,37,57,36,74,0.5068493,0.5648855,0.4431138,0.5358674,0.7126170,0.0702955
