Selection Method,n_features,accuracy,precision,TP,FP,FN,TN,sensitivity,specificity,f1,auc_test,auc_cv,std_auc_cv
f_test,20,0.8173077,0.8245614,47,10,28,123,0.6266667,0.9248120,0.7121212,0.7757393,0.8484254,0.0445349
mutual_info,21,0.8125000,0.8214286,46,10,29,123,0.6133333,0.9248120,0.7022901,0.7690727,0.8538919,0.0337740
reliefF,24,0.7932692,0.7962963,43,11,32,122,0.5733333,0.9172932,0.6666667,0.7453133,0.8421866,0.0235005
surf,21,0.8221154,0.8392857,47,9,28,124,0.6266667,0.9323308,0.7175573,0.7794987,0.8484254,0.0237125
multisurf,22,0.8028846,0.8148148,44,10,31,123,0.5866667,0.9248120,0.6821705,0.7557393,0.8514557,0.0275151
