Selection Method,n_features,balancing,accuracy,precision,TP,FP,FN,TN,sensitivity,specificity,f1,auc_test,auc_cv,std_auc_cv
f_test,8,smote,0.7644231,0.6911765,47,21,28,112,0.6266667,0.8421053,0.6573427,0.7343860,0.8159537,0.0242729
mutual_info,8,smote,0.7644231,0.6911765,47,21,28,112,0.6266667,0.8421053,0.6573427,0.7343860,0.8159537,0.0242729
reliefF,8,smote,0.7644231,0.6911765,47,21,28,112,0.6266667,0.8421053,0.6573427,0.7343860,0.8159537,0.0242729
surf,5,smote,0.7548077,0.6666667,48,24,27,109,0.6400000,0.8195489,0.6530612,0.7297744,0.8241236,0.0075510
multisurf,7,smote,0.7596154,0.7049180,43,18,32,115,0.5733333,0.8646617,0.6323529,0.7189975,0.8276292,0.0370518
