Selection Method,n_features,balancing,accuracy,precision,TP,FP,FN,TN,sensitivity,specificity,f1,auc_test,auc_cv,std_auc_cv
f_test,26,smote,0.7307692,0.7021277,33,14,42,119,0.4400000,0.8947368,0.5409836,0.6673684,0.8343731,0.0435622
mutual_info,26,smote,0.7163462,0.6538462,34,18,41,115,0.4533333,0.8646617,0.5354331,0.6589975,0.8334522,0.0173794
reliefF,9,smote,0.7019231,0.6140351,35,22,40,111,0.4666667,0.8345865,0.5303030,0.6506266,0.8182412,0.0202414
surf,25,smote,0.7500000,0.7254902,37,14,38,119,0.4933333,0.8947368,0.5873016,0.6940351,0.8311052,0.0377480
multisurf,29,smote,0.7307692,0.6862745,35,16,40,117,0.4666667,0.8796992,0.5555556,0.6731830,0.8346999,0.0442434
