Selection Method,n_features,accuracy,precision,TP,FP,FN,TN,sensitivity,specificity,f1,auc_test,auc_cv,std_auc_cv
f_test,24,0.8076923,0.7692308,50,15,25,118,0.6666667,0.8872180,0.7142857,0.7769424,0.8599525,0.0434066
mutual_info,27,0.7980769,0.7462687,50,17,25,116,0.6666667,0.8721805,0.7042254,0.7694236,0.8509507,0.0397737
reliefF,23,0.8028846,0.7575758,50,16,25,117,0.6666667,0.8796992,0.7092199,0.7731830,0.8628936,0.0380127
surf,26,0.8076923,0.7692308,50,15,25,118,0.6666667,0.8872180,0.7142857,0.7769424,0.8599525,0.0413657
multisurf,26,0.8125000,0.8000000,48,12,27,121,0.6400000,0.9097744,0.7111111,0.7748872,0.8598633,0.0243010
