Selection Method,n_features,accuracy,precision,TP,FP,FN,TN,sensitivity,specificity,f1,auc_test,auc_cv,std_auc_cv
f_test,15,0.6875000,0.6000000,30,20,45,113,0.4000000,0.8496241,0.4800000,0.6248120,0.7381165,0.0373040
mutual_info,15,0.6875000,0.5892857,33,23,42,110,0.4400000,0.8270677,0.5038168,0.6335338,0.7494652,0.0382512
reliefF,15,0.6923077,0.5774648,41,30,34,103,0.5466667,0.7744361,0.5616438,0.6605514,0.7393048,0.0469782
surf,15,0.6923077,0.6170213,29,18,46,115,0.3866667,0.8646617,0.4754098,0.6256642,0.7412359,0.0416690
multisurf,15,0.6971154,0.6034483,35,23,40,110,0.4666667,0.8270677,0.5263158,0.6468672,0.7374332,0.0541706
