Selection Method,n_features,accuracy,precision,TP,FP,FN,TN,sensitivity,specificity,f1,auc_test,auc_cv,std_auc_cv
f_test,11,0.7115385,0.6923077,27,12,48,121,0.3600000,0.9097744,0.4736842,0.6348872,0.7168449,0.0483684
mutual_info,10,0.7163462,0.7222222,26,10,49,123,0.3466667,0.9248120,0.4684685,0.6357393,0.7227273,0.0519650
reliefF,9,0.7211538,0.7428571,26,9,49,124,0.3466667,0.9323308,0.4727273,0.6394987,0.7286988,0.0578063
surf,9,0.7067308,0.6750000,27,13,48,120,0.3600000,0.9022556,0.4695652,0.6311278,0.7256684,0.0503337
multisurf,8,0.7115385,0.7027027,26,11,49,122,0.3466667,0.9172932,0.4642857,0.6319799,0.7227273,0.0396953
