Selection Method,n_features,balancing,accuracy,precision,TP,FP,FN,TN,sensitivity,specificity,f1,auc_test,auc_cv,std_auc_cv
f_test,19,smote,0.6826923,0.5633803,40,31,35,102,0.5333333,0.7669173,0.5479452,0.6501253,0.7357695,0.0456101
mutual_info,24,smote,0.6971154,0.5909091,39,27,36,106,0.5200000,0.7969925,0.5531915,0.6584962,0.7428105,0.0470991
reliefF,19,smote,0.7019231,0.6000000,39,26,36,107,0.5200000,0.8045113,0.5571429,0.6622556,0.7476233,0.0410696
surf,13,smote,0.7067308,0.6029412,41,27,34,106,0.5466667,0.7969925,0.5734266,0.6718296,0.7628342,0.0294285
multisurf,25,smote,0.7019231,0.5942029,41,28,34,105,0.5466667,0.7894737,0.5694444,0.6680702,0.7546643,0.0352298
