Selection Method,n_features,balancing,accuracy,precision,TP,FP,FN,TN,sensitivity,specificity,f1,auc_test,auc_cv,std_auc_cv
f_test,27,smote,0.7932692,0.7424242,49,17,26,116,0.6533333,0.8721805,0.6950355,0.7627569,0.8479204,0.0166789
mutual_info,21,smote,0.7836538,0.6973684,53,23,22,110,0.7066667,0.8270677,0.7019868,0.7668672,0.8563280,0.0236859
reliefF,10,smote,0.8317308,0.8225806,51,11,24,122,0.6800000,0.9172932,0.7445255,0.7986466,0.8305407,0.0442835
surf,18,smote,0.7932692,0.7222222,52,20,23,113,0.6933333,0.8496241,0.7074830,0.7714787,0.8505348,0.0408523
multisurf,27,smote,0.7980769,0.7462687,50,17,25,116,0.6666667,0.8721805,0.7042254,0.7694236,0.8480095,0.0193175
