Selection Method,n_features,balancing,accuracy,precision,TP,FP,FN,TN,sensitivity,specificity,f1,auc_test,auc_cv,std_auc_cv
f_test,26,smote,0.7740385,0.6794872,53,25,22,108,0.7066667,0.8120301,0.6928105,0.7593484,0.8542187,0.0227715
mutual_info,27,smote,0.7932692,0.7105263,54,22,21,111,0.7200000,0.8345865,0.7152318,0.7772932,0.8538919,0.0120145
reliefF,27,smote,0.7548077,0.6500000,52,28,23,105,0.6933333,0.7894737,0.6709677,0.7414035,0.8569222,0.0194220
surf,23,smote,0.7740385,0.6842105,52,24,23,109,0.6933333,0.8195489,0.6887417,0.7564411,0.8507724,0.0241983
multisurf,29,smote,0.7980769,0.7323944,52,19,23,114,0.6933333,0.8571429,0.7123288,0.7752381,0.8510398,0.0255775
