Selection Method,n_features,balancing,accuracy,precision,TP,FP,FN,TN,sensitivity,specificity,f1,auc_test,auc_cv,std_auc_cv
f_test,6,smote,0.6923077,0.5733333,43,32,32,101,0.5733333,0.7593985,0.5733333,0.6663659,0.7654189,0.0607884
mutual_info,7,kmeans_smote,0.6778846,0.5465116,47,39,28,94,0.6266667,0.7067669,0.5838509,0.6667168,0.7510695,0.0582486
reliefF,10,kmeans_smote,0.6875000,0.5781250,37,27,38,106,0.4933333,0.7969925,0.5323741,0.6451629,0.7453654,0.0766103
surf,4,borderline_smote,0.6346154,0.4935065,38,39,37,94,0.5066667,0.7067669,0.5000000,0.6067168,0.7439097,0.0276390
multisurf,6,kmeans_smote,0.6875000,0.5714286,40,30,35,103,0.5333333,0.7744361,0.5517241,0.6538847,0.7512181,0.0578676
